[authlib-injector] [INFO] Logging file: F:\ModTest\versions\1.16.5-Forge\authlib-injector.log
[authlib-injector] [INFO] Version: 1.2.7
[authlib-injector] [INFO] Authentication server: http://localhost:50015
[authlib-injector] [WARNING] You are using HTTP protocol, which is INSECURE! Please switch to HTTPS if possible.
2026-08-30 07:26:31,744 main ERROR Error processing element Queue ([Appenders: null]): CLASS_NOT_FOUND
2026-08-30 07:26:32,181 main ERROR Unable to locate appender "ServerGuiConsole" for logger config "root"
[07:26:32] [main/INFO]: ModLauncher running: args [--username, 165, --version, 1.16.5-Forge, --gameDir, F:\ModTest\versions\1.16.5-Forge, --assetsDir, F:\ModTest\assets, --assetIndex, 1.16, --uuid, 9ec8cd4d374a31d2acee87a84f0d903d, --accessToken, ❄❄❄❄❄❄❄❄, --userType, msa, --versionType, HMCL 3.16.0.348, --width, 1280, --height, 768, --launchTarget, fmlclient, --fml.forgeVersion, 36.2.42, --fml.mcVersion, 1.16.5, --fml.forgeGroup, net.minecraftforge, --fml.mcpVersion, 20210115.111550]
[07:26:33] [main/INFO]: ModLauncher 8.1.3+8.1.3+main-8.1.x.c94d18ec starting: java version 17.0.11 by Oracle Corporation
[07:26:34] [main/INFO]: Added Lets Encrypt root certificates as additional trust
[07:26:34] [main/INFO]: SpongePowered MIXIN Subsystem Version=0.8.4 Source=file:/F:/ModTest/libraries/org/spongepowered/mixin/0.8.4/mixin-0.8.4.jar Service=ModLauncher Env=CLIENT
[07:26:37] [main/INFO]: Launching target 'fmlclient' with arguments [--version, 1.16.5-Forge, --gameDir, F:\ModTest\versions\1.16.5-Forge, --assetsDir, F:\ModTest\assets, --uuid, 9ec8cd4d374a31d2acee87a84f0d903d, --username, 165, --assetIndex, 1.16, --accessToken, ❄❄❄❄❄❄❄❄, --userType, msa, --versionType, HMCL 3.16.0.348, --width, 1280, --height, 768]
[07:26:38] [main/INFO]: Wrote 14847 byte class file net.minecraft.client.main.Main to C:\Users\hdlhdh\AppData\Local\Temp\classDump6380543733692286588\net.minecraft.client.main.Main.class
[authlib-injector] [INFO] Transformed [net.minecraft.client.main.Main] with [Main Arguments Transformer]
[authlib-injector] [INFO] Transformed [net.minecraft.client.main.Main] with [Main Arguments Transformer]
[07:26:40] [pool-3-thread-1/INFO]: Wrote 1651 byte class file net.minecraftforge.event.RegistryEvent to C:\Users\hdlhdh\AppData\Local\Temp\classDump6380543733692286588\net.minecraftforge.event.RegistryEvent.class
[07:26:40] [pool-3-thread-1/INFO]: Wrote 5408 byte class file net.minecraftforge.event.RegistryEvent$MissingMappings to C:\Users\hdlhdh\AppData\Local\Temp\classDump6380543733692286588\net.minecraftforge.event.RegistryEvent$MissingMappings.class
[07:26:40] [pool-3-thread-1/INFO]: Wrote 2646 byte class file net.minecraftforge.fml.event.lifecycle.ModLifecycleEvent to C:\Users\hdlhdh\AppData\Local\Temp\classDump6380543733692286588\net.minecraftforge.fml.event.lifecycle.ModLifecycleEvent.class
[07:26:40] [pool-3-thread-1/INFO]: Wrote 5714 byte class file net.minecraftforge.fml.event.lifecycle.FMLModIdMappingEvent to C:\Users\hdlhdh\AppData\Local\Temp\classDump6380543733692286588\net.minecraftforge.fml.event.lifecycle.FMLModIdMappingEvent.class
[07:26:40] [pool-3-thread-1/INFO]: Wrote 36848 byte class file net.minecraft.block.Block to C:\Users\hdlhdh\AppData\Local\Temp\classDump6380543733692286588\net.minecraft.block.Block.class
[07:26:41] [pool-3-thread-1/INFO]: Wrote 1392 byte class file net.minecraft.block.AirBlock to C:\Users\hdlhdh\AppData\Local\Temp\classDump6380543733692286588\net.minecraft.block.AirBlock.class
[07:26:41] [pool-3-thread-1/INFO]: Wrote 2983 byte class file net.minecraft.util.ObjectIntIdentityMap to C:\Users\hdlhdh\AppData\Local\Temp\classDump6380543733692286588\net.minecraft.util.ObjectIntIdentityMap.class
[07:26:41] [pool-3-thread-1/INFO]: Wrote 22340 byte class file net.minecraft.item.Item to C:\Users\hdlhdh\AppData\Local\Temp\classDump6380543733692286588\net.minecraft.item.Item.class
[07:26:41] [pool-3-thread-1/INFO]: Wrote 1738 byte class file net.minecraft.particles.ParticleType to C:\Users\hdlhdh\AppData\Local\Temp\classDump6380543733692286588\net.minecraft.particles.ParticleType.class
[07:26:41] [pool-3-thread-1/INFO]: Wrote 11720 byte class file net.minecraft.inventory.container.ContainerType to C:\Users\hdlhdh\AppData\Local\Temp\classDump6380543733692286588\net.minecraft.inventory.container.ContainerType.class
[07:26:41] [pool-3-thread-1/INFO]: Wrote 6452 byte class file net.minecraft.entity.merchant.villager.VillagerProfession to C:\Users\hdlhdh\AppData\Local\Temp\classDump6380543733692286588\net.minecraft.entity.merchant.villager.VillagerProfession.class
[07:26:41] [pool-3-thread-1/INFO]: Wrote 11726 byte class file net.minecraft.village.PointOfInterestType to C:\Users\hdlhdh\AppData\Local\Temp\classDump6380543733692286588\net.minecraft.village.PointOfInterestType.class
[07:26:41] [pool-3-thread-1/INFO]: Wrote 11163 byte class file net.minecraft.entity.ai.brain.memory.MemoryModuleType to C:\Users\hdlhdh\AppData\Local\Temp\classDump6380543733692286588\net.minecraft.entity.ai.brain.memory.MemoryModuleType.class
[07:26:41] [pool-3-thread-1/INFO]: Wrote 7291 byte class file net.minecraft.entity.ai.brain.sensor.SensorType to C:\Users\hdlhdh\AppData\Local\Temp\classDump6380543733692286588\net.minecraft.entity.ai.brain.sensor.SensorType.class
[07:26:41] [pool-3-thread-1/INFO]: Wrote 2616 byte class file net.minecraft.entity.ai.brain.schedule.Activity to C:\Users\hdlhdh\AppData\Local\Temp\classDump6380543733692286588\net.minecraft.entity.ai.brain.schedule.Activity.class
[07:26:41] [pool-3-thread-1/INFO]: Wrote 24046 byte class file net.minecraft.world.chunk.ChunkStatus to C:\Users\hdlhdh\AppData\Local\Temp\classDump6380543733692286588\net.minecraft.world.chunk.ChunkStatus.class
[07:26:41] [pool-3-thread-1/INFO]: Wrote 23935 byte class file net.minecraft.world.gen.feature.structure.Structure to C:\Users\hdlhdh\AppData\Local\Temp\classDump6380543733692286588\net.minecraft.world.gen.feature.structure.Structure.class
[07:26:41] [pool-3-thread-1/INFO]: Wrote 3658 byte class file net.minecraft.world.gen.blockstateprovider.BlockStateProviderType to C:\Users\hdlhdh\AppData\Local\Temp\classDump6380543733692286588\net.minecraft.world.gen.blockstateprovider.BlockStateProviderType.class
[07:26:41] [pool-3-thread-1/INFO]: Wrote 2713 byte class file net.minecraft.world.gen.blockplacer.BlockPlacerType to C:\Users\hdlhdh\AppData\Local\Temp\classDump6380543733692286588\net.minecraft.world.gen.blockplacer.BlockPlacerType.class
[07:26:41] [pool-3-thread-1/INFO]: Wrote 4563 byte class file net.minecraft.world.gen.foliageplacer.FoliagePlacerType to C:\Users\hdlhdh\AppData\Local\Temp\classDump6380543733692286588\net.minecraft.world.gen.foliageplacer.FoliagePlacerType.class
[07:26:41] [pool-3-thread-1/INFO]: Wrote 3342 byte class file net.minecraft.world.gen.treedecorator.TreeDecoratorType to C:\Users\hdlhdh\AppData\Local\Temp\classDump6380543733692286588\net.minecraft.world.gen.treedecorator.TreeDecoratorType.class
[07:26:41] [pool-3-thread-1/INFO]: Wrote 30613 byte class file net.minecraft.world.biome.Biome to C:\Users\hdlhdh\AppData\Local\Temp\classDump6380543733692286588\net.minecraft.world.biome.Biome.class
[07:26:42] [pool-3-thread-1/INFO]: Wrote 11719 byte class file net.minecraft.world.gen.DimensionSettings to C:\Users\hdlhdh\AppData\Local\Temp\classDump6380543733692286588\net.minecraft.world.gen.DimensionSettings.class
[07:26:42] [pool-3-thread-1/INFO]: Wrote 106150 byte class file net.minecraft.block.Blocks to C:\Users\hdlhdh\AppData\Local\Temp\classDump6380543733692286588\net.minecraft.block.Blocks.class
[07:26:42] [pool-3-thread-1/INFO]: Wrote 3628 byte class file net.minecraft.block.SnowyDirtBlock to C:\Users\hdlhdh\AppData\Local\Temp\classDump6380543733692286588\net.minecraft.block.SnowyDirtBlock.class
[07:26:42] [pool-3-thread-1/INFO]: Wrote 6061 byte class file net.minecraft.block.SaplingBlock to C:\Users\hdlhdh\AppData\Local\Temp\classDump6380543733692286588\net.minecraft.block.SaplingBlock.class
[07:26:42] [pool-3-thread-1/INFO]: Wrote 4089 byte class file net.minecraft.block.BushBlock to C:\Users\hdlhdh\AppData\Local\Temp\classDump6380543733692286588\net.minecraft.block.BushBlock.class
[07:26:42] [pool-3-thread-1/INFO]: Wrote 13483 byte class file net.minecraft.block.FlowingFluidBlock to C:\Users\hdlhdh\AppData\Local\Temp\classDump6380543733692286588\net.minecraft.block.FlowingFluidBlock.class
[07:26:42] [pool-3-thread-1/INFO]: Wrote 5875 byte class file net.minecraft.block.SpongeBlock to C:\Users\hdlhdh\AppData\Local\Temp\classDump6380543733692286588\net.minecraft.block.SpongeBlock.class
[07:26:42] [pool-3-thread-1/INFO]: Wrote 3968 byte class file net.minecraft.block.WetSpongeBlock to C:\Users\hdlhdh\AppData\Local\Temp\classDump6380543733692286588\net.minecraft.block.WetSpongeBlock.class
[07:26:42] [pool-3-thread-1/INFO]: Wrote 969 byte class file net.minecraft.block.BreakableBlock to C:\Users\hdlhdh\AppData\Local\Temp\classDump6380543733692286588\net.minecraft.block.BreakableBlock.class
[07:26:42] [pool-3-thread-1/INFO]: Wrote 12319 byte class file net.minecraft.block.DispenserBlock to C:\Users\hdlhdh\AppData\Local\Temp\classDump6380543733692286588\net.minecraft.block.DispenserBlock.class
[07:26:42] [pool-3-thread-1/INFO]: Wrote 8398 byte class file net.minecraft.block.PoweredRailBlock to C:\Users\hdlhdh\AppData\Local\Temp\classDump6380543733692286588\net.minecraft.block.PoweredRailBlock.class
[07:26:42] [pool-3-thread-1/INFO]: Wrote 3585 byte class file net.minecraft.block.TallGrassBlock to C:\Users\hdlhdh\AppData\Local\Temp\classDump6380543733692286588\net.minecraft.block.TallGrassBlock.class
[07:26:42] [pool-3-thread-1/INFO]: Wrote 2713 byte class file net.minecraft.block.DeadBushBlock to C:\Users\hdlhdh\AppData\Local\Temp\classDump6380543733692286588\net.minecraft.block.DeadBushBlock.class
[07:26:42] [pool-3-thread-1/INFO]: Wrote 7039 byte class file net.minecraft.block.SeaGrassBlock to C:\Users\hdlhdh\AppData\Local\Temp\classDump6380543733692286588\net.minecraft.block.SeaGrassBlock.class
[07:26:42] [pool-3-thread-1/INFO]: Wrote 3407 byte class file net.minecraft.block.TorchBlock to C:\Users\hdlhdh\AppData\Local\Temp\classDump6380543733692286588\net.minecraft.block.TorchBlock.class
[07:26:42] [pool-3-thread-1/INFO]: Wrote 8191 byte class file net.minecraft.block.WallTorchBlock to C:\Users\hdlhdh\AppData\Local\Temp\classDump6380543733692286588\net.minecraft.block.WallTorchBlock.class
[07:26:42] [pool-3-thread-1/INFO]: Wrote 23153 byte class file net.minecraft.block.FireBlock to C:\Users\hdlhdh\AppData\Local\Temp\classDump6380543733692286588\net.minecraft.block.FireBlock.class
[07:26:42] [pool-3-thread-1/INFO]: Wrote 2384 byte class file net.minecraft.block.SpawnerBlock to C:\Users\hdlhdh\AppData\Local\Temp\classDump6380543733692286588\net.minecraft.block.SpawnerBlock.class
[07:26:42] [pool-3-thread-1/INFO]: Wrote 20414 byte class file net.minecraft.block.StairsBlock to C:\Users\hdlhdh\AppData\Local\Temp\classDump6380543733692286588\net.minecraft.block.StairsBlock.class
[07:26:42] [pool-3-thread-1/INFO]: Wrote 20838 byte class file net.minecraft.block.ChestBlock to C:\Users\hdlhdh\AppData\Local\Temp\classDump6380543733692286588\net.minecraft.block.ChestBlock.class
[07:26:42] [pool-3-thread-1/INFO]: Wrote 4110 byte class file net.minecraft.block.CraftingTableBlock to C:\Users\hdlhdh\AppData\Local\Temp\classDump6380543733692286588\net.minecraft.block.CraftingTableBlock.class
[07:26:42] [pool-3-thread-1/INFO]: Wrote 10768 byte class file net.minecraft.block.CropsBlock to C:\Users\hdlhdh\AppData\Local\Temp\classDump6380543733692286588\net.minecraft.block.CropsBlock.class
[07:26:42] [pool-3-thread-1/INFO]: Wrote 9520 byte class file net.minecraft.block.FarmlandBlock to C:\Users\hdlhdh\AppData\Local\Temp\classDump6380543733692286588\net.minecraft.block.FarmlandBlock.class
[07:26:42] [pool-3-thread-1/INFO]: Wrote 3975 byte class file net.minecraft.block.FurnaceBlock to C:\Users\hdlhdh\AppData\Local\Temp\classDump6380543733692286588\net.minecraft.block.FurnaceBlock.class
[07:26:42] [pool-3-thread-1/INFO]: Wrote 15639 byte class file net.minecraft.block.DoorBlock to C:\Users\hdlhdh\AppData\Local\Temp\classDump6380543733692286588\net.minecraft.block.DoorBlock.class
[07:26:42] [pool-3-thread-1/INFO]: Wrote 8068 byte class file net.minecraft.block.LadderBlock to C:\Users\hdlhdh\AppData\Local\Temp\classDump6380543733692286588\net.minecraft.block.LadderBlock.class
[07:26:42] [pool-3-thread-1/INFO]: Wrote 5702 byte class file net.minecraft.block.RailBlock to C:\Users\hdlhdh\AppData\Local\Temp\classDump6380543733692286588\net.minecraft.block.RailBlock.class
[07:26:42] [pool-3-thread-1/INFO]: Wrote 8870 byte class file net.minecraft.block.LeverBlock to C:\Users\hdlhdh\AppData\Local\Temp\classDump6380543733692286588\net.minecraft.block.LeverBlock.class
[07:26:42] [pool-3-thread-1/INFO]: Wrote 4648 byte class file net.minecraft.block.HorizontalFaceBlock to C:\Users\hdlhdh\AppData\Local\Temp\classDump6380543733692286588\net.minecraft.block.HorizontalFaceBlock.class
[07:26:42] [pool-3-thread-1/INFO]: Wrote 5522 byte class file net.minecraft.block.PressurePlateBlock to C:\Users\hdlhdh\AppData\Local\Temp\classDump6380543733692286588\net.minecraft.block.PressurePlateBlock.class
[07:26:42] [pool-3-thread-1/INFO]: Wrote 9290 byte class file net.minecraft.block.RedstoneTorchBlock to C:\Users\hdlhdh\AppData\Local\Temp\classDump6380543733692286588\net.minecraft.block.RedstoneTorchBlock.class
[07:26:42] [pool-3-thread-1/INFO]: Wrote 6601 byte class file net.minecraft.block.RedstoneWallTorchBlock to C:\Users\hdlhdh\AppData\Local\Temp\classDump6380543733692286588\net.minecraft.block.RedstoneWallTorchBlock.class
[07:26:42] [pool-3-thread-1/INFO]: Wrote 944 byte class file net.minecraft.block.StoneButtonBlock to C:\Users\hdlhdh\AppData\Local\Temp\classDump6380543733692286588\net.minecraft.block.StoneButtonBlock.class
[07:26:42] [pool-3-thread-1/INFO]: Wrote 8281 byte class file net.minecraft.block.SnowBlock to C:\Users\hdlhdh\AppData\Local\Temp\classDump6380543733692286588\net.minecraft.block.SnowBlock.class
[07:26:42] [pool-3-thread-1/INFO]: Wrote 9379 byte class file net.minecraft.block.CactusBlock to C:\Users\hdlhdh\AppData\Local\Temp\classDump6380543733692286588\net.minecraft.block.CactusBlock.class
[07:26:42] [pool-3-thread-1/INFO]: Wrote 8101 byte class file net.minecraft.block.SugarCaneBlock to C:\Users\hdlhdh\AppData\Local\Temp\classDump6380543733692286588\net.minecraft.block.SugarCaneBlock.class
[07:26:42] [pool-3-thread-1/INFO]: Wrote 7512 byte class file net.minecraft.block.JukeboxBlock to C:\Users\hdlhdh\AppData\Local\Temp\classDump6380543733692286588\net.minecraft.block.JukeboxBlock.class
[07:26:42] [pool-3-thread-1/INFO]: Wrote 8805 byte class file net.minecraft.block.FourWayBlock to C:\Users\hdlhdh\AppData\Local\Temp\classDump6380543733692286588\net.minecraft.block.FourWayBlock.class
[07:26:42] [pool-3-thread-1/INFO]: Wrote 5314 byte class file net.minecraft.block.PumpkinBlock to C:\Users\hdlhdh\AppData\Local\Temp\classDump6380543733692286588\net.minecraft.block.PumpkinBlock.class
[07:26:42] [pool-3-thread-1/INFO]: Wrote 10042 byte class file net.minecraft.block.CarvedPumpkinBlock to C:\Users\hdlhdh\AppData\Local\Temp\classDump6380543733692286588\net.minecraft.block.CarvedPumpkinBlock.class
[07:26:42] [pool-3-thread-1/INFO]: Wrote 7182 byte class file net.minecraft.block.CakeBlock to C:\Users\hdlhdh\AppData\Local\Temp\classDump6380543733692286588\net.minecraft.block.CakeBlock.class
[07:26:42] [pool-3-thread-1/INFO]: Wrote 6676 byte class file net.minecraft.block.RepeaterBlock to C:\Users\hdlhdh\AppData\Local\Temp\classDump6380543733692286588\net.minecraft.block.RepeaterBlock.class
[07:26:43] [pool-3-thread-1/INFO]: Wrote 11313 byte class file net.minecraft.block.TrapDoorBlock to C:\Users\hdlhdh\AppData\Local\Temp\classDump6380543733692286588\net.minecraft.block.TrapDoorBlock.class
[07:26:43] [pool-3-thread-1/INFO]: Wrote 6746 byte class file net.minecraft.block.PaneBlock to C:\Users\hdlhdh\AppData\Local\Temp\classDump6380543733692286588\net.minecraft.block.PaneBlock.class
[07:26:43] [pool-3-thread-1/INFO]: Wrote 978 byte class file net.minecraft.block.MelonBlock to C:\Users\hdlhdh\AppData\Local\Temp\classDump6380543733692286588\net.minecraft.block.MelonBlock.class
[07:26:43] [pool-3-thread-1/INFO]: Wrote 6681 byte class file net.minecraft.block.AttachedStemBlock to C:\Users\hdlhdh\AppData\Local\Temp\classDump6380543733692286588\net.minecraft.block.AttachedStemBlock.class
[07:26:43] [pool-3-thread-1/INFO]: Wrote 9631 byte class file net.minecraft.block.StemBlock to C:\Users\hdlhdh\AppData\Local\Temp\classDump6380543733692286588\net.minecraft.block.StemBlock.class
[07:26:43] [pool-3-thread-1/INFO]: Wrote 3036 byte class file net.minecraft.block.LilyPadBlock to C:\Users\hdlhdh\AppData\Local\Temp\classDump6380543733692286588\net.minecraft.block.LilyPadBlock.class
[07:26:43] [pool-3-thread-1/INFO]: Wrote 5127 byte class file net.minecraft.block.NetherWartBlock to C:\Users\hdlhdh\AppData\Local\Temp\classDump6380543733692286588\net.minecraft.block.NetherWartBlock.class
[07:26:43] [pool-3-thread-1/INFO]: Wrote 8322 byte class file net.minecraft.block.EnchantingTableBlock to C:\Users\hdlhdh\AppData\Local\Temp\classDump6380543733692286588\net.minecraft.block.EnchantingTableBlock.class
[07:26:43] [pool-3-thread-1/INFO]: Wrote 5458 byte class file net.minecraft.block.EndPortalBlock to C:\Users\hdlhdh\AppData\Local\Temp\classDump6380543733692286588\net.minecraft.block.EndPortalBlock.class
[07:26:43] [pool-3-thread-1/INFO]: Wrote 13095 byte class file net.minecraft.block.EnderChestBlock to C:\Users\hdlhdh\AppData\Local\Temp\classDump6380543733692286588\net.minecraft.block.EnderChestBlock.class
[07:26:43] [pool-3-thread-1/INFO]: Wrote 11580 byte class file net.minecraft.block.TripWireBlock to C:\Users\hdlhdh\AppData\Local\Temp\classDump6380543733692286588\net.minecraft.block.TripWireBlock.class
[07:26:43] [pool-3-thread-1/INFO]: Wrote 10045 byte class file net.minecraft.block.FlowerPotBlock to C:\Users\hdlhdh\AppData\Local\Temp\classDump6380543733692286588\net.minecraft.block.FlowerPotBlock.class
[07:26:43] [pool-3-thread-1/INFO]: Wrote 942 byte class file net.minecraft.block.WoodButtonBlock to C:\Users\hdlhdh\AppData\Local\Temp\classDump6380543733692286588\net.minecraft.block.WoodButtonBlock.class
[07:26:43] [pool-3-thread-1/INFO]: Wrote 4460 byte class file net.minecraft.block.SkullBlock to C:\Users\hdlhdh\AppData\Local\Temp\classDump6380543733692286588\net.minecraft.block.SkullBlock.class
[07:26:43] [pool-3-thread-1/INFO]: Wrote 6096 byte class file net.minecraft.block.WallSkullBlock to C:\Users\hdlhdh\AppData\Local\Temp\classDump6380543733692286588\net.minecraft.block.WallSkullBlock.class
[07:26:43] [pool-3-thread-1/INFO]: Wrote 9044 byte class file net.minecraft.block.WitherSkeletonSkullBlock to C:\Users\hdlhdh\AppData\Local\Temp\classDump6380543733692286588\net.minecraft.block.WitherSkeletonSkullBlock.class
[07:26:43] [pool-3-thread-1/INFO]: Wrote 1605 byte class file net.minecraft.block.WitherSkeletonWallSkullBlock to C:\Users\hdlhdh\AppData\Local\Temp\classDump6380543733692286588\net.minecraft.block.WitherSkeletonWallSkullBlock.class
[07:26:43] [pool-3-thread-1/INFO]: Wrote 2754 byte class file net.minecraft.block.SkullPlayerBlock to C:\Users\hdlhdh\AppData\Local\Temp\classDump6380543733692286588\net.minecraft.block.SkullPlayerBlock.class
[07:26:43] [pool-3-thread-1/INFO]: Wrote 2070 byte class file net.minecraft.block.SkullWallPlayerBlock to C:\Users\hdlhdh\AppData\Local\Temp\classDump6380543733692286588\net.minecraft.block.SkullWallPlayerBlock.class
[07:26:43] [pool-3-thread-1/INFO]: Wrote 4273 byte class file net.minecraft.block.WeightedPressurePlateBlock to C:\Users\hdlhdh\AppData\Local\Temp\classDump6380543733692286588\net.minecraft.block.WeightedPressurePlateBlock.class
[07:26:43] [pool-3-thread-1/INFO]: Wrote 1331 byte class file net.minecraft.block.BarrierBlock to C:\Users\hdlhdh\AppData\Local\Temp\classDump6380543733692286588\net.minecraft.block.BarrierBlock.class
[07:26:43] [pool-3-thread-1/INFO]: Wrote 2807 byte class file net.minecraft.block.CarpetBlock to C:\Users\hdlhdh\AppData\Local\Temp\classDump6380543733692286588\net.minecraft.block.CarpetBlock.class
[07:26:43] [pool-3-thread-1/INFO]: Wrote 6342 byte class file net.minecraft.block.EndRodBlock to C:\Users\hdlhdh\AppData\Local\Temp\classDump6380543733692286588\net.minecraft.block.EndRodBlock.class
[07:26:43] [pool-3-thread-1/INFO]: Wrote 7275 byte class file net.minecraft.block.ChorusPlantBlock to C:\Users\hdlhdh\AppData\Local\Temp\classDump6380543733692286588\net.minecraft.block.ChorusPlantBlock.class
[07:26:43] [pool-3-thread-1/INFO]: Wrote 5322 byte class file net.minecraft.block.SixWayBlock to C:\Users\hdlhdh\AppData\Local\Temp\classDump6380543733692286588\net.minecraft.block.SixWayBlock.class
[07:26:43] [pool-3-thread-1/INFO]: Wrote 11251 byte class file net.minecraft.block.ChorusFlowerBlock to C:\Users\hdlhdh\AppData\Local\Temp\classDump6380543733692286588\net.minecraft.block.ChorusFlowerBlock.class
[07:26:43] [pool-3-thread-1/INFO]: Wrote 4551 byte class file net.minecraft.block.GrassPathBlock to C:\Users\hdlhdh\AppData\Local\Temp\classDump6380543733692286588\net.minecraft.block.GrassPathBlock.class
[07:26:43] [pool-3-thread-1/INFO]: Wrote 3331 byte class file net.minecraft.block.EndGatewayBlock to C:\Users\hdlhdh\AppData\Local\Temp\classDump6380543733692286588\net.minecraft.block.EndGatewayBlock.class
[07:26:43] [pool-3-thread-1/INFO]: Wrote 2038 byte class file net.minecraft.block.StructureVoidBlock to C:\Users\hdlhdh\AppData\Local\Temp\classDump6380543733692286588\net.minecraft.block.StructureVoidBlock.class
[07:26:43] [pool-3-thread-1/INFO]: Wrote 3860 byte class file net.minecraft.block.KelpTopBlock to C:\Users\hdlhdh\AppData\Local\Temp\classDump6380543733692286588\net.minecraft.block.KelpTopBlock.class
[07:26:43] [pool-3-thread-1/INFO]: Wrote 2251 byte class file net.minecraft.block.KelpBlock to C:\Users\hdlhdh\AppData\Local\Temp\classDump6380543733692286588\net.minecraft.block.KelpBlock.class
[07:26:43] [pool-3-thread-1/INFO]: Wrote 1344 byte class file net.minecraft.block.DeadCoralPlantBlock to C:\Users\hdlhdh\AppData\Local\Temp\classDump6380543733692286588\net.minecraft.block.DeadCoralPlantBlock.class
[07:26:43] [pool-3-thread-1/INFO]: Wrote 6901 byte class file net.minecraft.block.AbstractCoralPlantBlock to C:\Users\hdlhdh\AppData\Local\Temp\classDump6380543733692286588\net.minecraft.block.AbstractCoralPlantBlock.class
[07:26:43] [pool-3-thread-1/INFO]: Wrote 4210 byte class file net.minecraft.block.CoralPlantBlock to C:\Users\hdlhdh\AppData\Local\Temp\classDump6380543733692286588\net.minecraft.block.CoralPlantBlock.class
[07:26:43] [pool-3-thread-1/INFO]: Wrote 1332 byte class file net.minecraft.block.CoralFanBlock to C:\Users\hdlhdh\AppData\Local\Temp\classDump6380543733692286588\net.minecraft.block.CoralFanBlock.class
[07:26:43] [pool-3-thread-1/INFO]: Wrote 3526 byte class file net.minecraft.block.CoralFinBlock to C:\Users\hdlhdh\AppData\Local\Temp\classDump6380543733692286588\net.minecraft.block.CoralFinBlock.class
[07:26:43] [pool-3-thread-1/INFO]: Wrote 7433 byte class file net.minecraft.block.DeadCoralWallFanBlock to C:\Users\hdlhdh\AppData\Local\Temp\classDump6380543733692286588\net.minecraft.block.DeadCoralWallFanBlock.class
[07:26:43] [pool-3-thread-1/INFO]: Wrote 3678 byte class file net.minecraft.block.CoralWallFanBlock to C:\Users\hdlhdh\AppData\Local\Temp\classDump6380543733692286588\net.minecraft.block.CoralWallFanBlock.class
[07:26:43] [pool-3-thread-1/INFO]: Wrote 9922 byte class file net.minecraft.block.SeaPickleBlock to C:\Users\hdlhdh\AppData\Local\Temp\classDump6380543733692286588\net.minecraft.block.SeaPickleBlock.class
[07:26:43] [pool-3-thread-1/INFO]: Wrote 11189 byte class file net.minecraft.block.ScaffoldingBlock to C:\Users\hdlhdh\AppData\Local\Temp\classDump6380543733692286588\net.minecraft.block.ScaffoldingBlock.class
[07:26:43] [pool-3-thread-1/INFO]: Wrote 5441 byte class file net.minecraft.block.LoomBlock to C:\Users\hdlhdh\AppData\Local\Temp\classDump6380543733692286588\net.minecraft.block.LoomBlock.class
[07:26:43] [pool-3-thread-1/INFO]: Wrote 3215 byte class file net.minecraft.block.SmokerBlock to C:\Users\hdlhdh\AppData\Local\Temp\classDump6380543733692286588\net.minecraft.block.SmokerBlock.class
[07:26:43] [pool-3-thread-1/INFO]: Wrote 3934 byte class file net.minecraft.block.BlastFurnaceBlock to C:\Users\hdlhdh\AppData\Local\Temp\classDump6380543733692286588\net.minecraft.block.BlastFurnaceBlock.class
[07:26:43] [pool-3-thread-1/INFO]: Wrote 4197 byte class file net.minecraft.block.CartographyTableBlock to C:\Users\hdlhdh\AppData\Local\Temp\classDump6380543733692286588\net.minecraft.block.CartographyTableBlock.class
[07:26:43] [pool-3-thread-1/INFO]: Wrote 1271 byte class file net.minecraft.block.FletchingTableBlock to C:\Users\hdlhdh\AppData\Local\Temp\classDump6380543733692286588\net.minecraft.block.FletchingTableBlock.class
[07:26:43] [pool-3-thread-1/INFO]: Wrote 12608 byte class file net.minecraft.block.GrindstoneBlock to C:\Users\hdlhdh\AppData\Local\Temp\classDump6380543733692286588\net.minecraft.block.GrindstoneBlock.class
[07:26:43] [pool-3-thread-1/INFO]: Wrote 15643 byte class file net.minecraft.block.LecternBlock to C:\Users\hdlhdh\AppData\Local\Temp\classDump6380543733692286588\net.minecraft.block.LecternBlock.class
[07:26:43] [pool-3-thread-1/INFO]: Wrote 4129 byte class file net.minecraft.block.SmithingTableBlock to C:\Users\hdlhdh\AppData\Local\Temp\classDump6380543733692286588\net.minecraft.block.SmithingTableBlock.class
[07:26:43] [pool-3-thread-1/INFO]: Wrote 4327 byte class file net.minecraft.block.NyliumBlock to C:\Users\hdlhdh\AppData\Local\Temp\classDump6380543733692286588\net.minecraft.block.NyliumBlock.class
[07:26:43] [pool-3-thread-1/INFO]: Wrote 4674 byte class file net.minecraft.block.FungusBlock to C:\Users\hdlhdh\AppData\Local\Temp\classDump6380543733692286588\net.minecraft.block.FungusBlock.class
[07:26:43] [pool-3-thread-1/INFO]: Wrote 2309 byte class file net.minecraft.block.NetherRootsBlock to C:\Users\hdlhdh\AppData\Local\Temp\classDump6380543733692286588\net.minecraft.block.NetherRootsBlock.class
[07:26:43] [pool-3-thread-1/INFO]: Wrote 6063 byte class file net.minecraft.block.StructureBlock to C:\Users\hdlhdh\AppData\Local\Temp\classDump6380543733692286588\net.minecraft.block.StructureBlock.class
[07:26:43] [pool-3-thread-1/INFO]: Wrote 8066 byte class file net.minecraft.block.JigsawBlock to C:\Users\hdlhdh\AppData\Local\Temp\classDump6380543733692286588\net.minecraft.block.JigsawBlock.class
[07:26:43] [pool-3-thread-1/INFO]: Wrote 20980 byte class file net.minecraft.block.BeehiveBlock to C:\Users\hdlhdh\AppData\Local\Temp\classDump6380543733692286588\net.minecraft.block.BeehiveBlock.class
[07:26:43] [pool-3-thread-1/INFO]: Wrote 111265 byte class file net.minecraft.entity.Entity to C:\Users\hdlhdh\AppData\Local\Temp\classDump6380543733692286588\net.minecraft.entity.Entity.class
[07:26:43] [pool-3-thread-1/INFO]: Wrote 52250 byte class file net.minecraft.world.World to C:\Users\hdlhdh\AppData\Local\Temp\classDump6380543733692286588\net.minecraft.world.World.class
[07:26:43] [pool-3-thread-1/INFO]: Wrote 10664 byte class file net.minecraft.entity.item.ExperienceOrbEntity to C:\Users\hdlhdh\AppData\Local\Temp\classDump6380543733692286588\net.minecraft.entity.item.ExperienceOrbEntity.class
[07:26:44] [pool-3-thread-1/INFO]: Wrote 80939 byte class file net.minecraft.entity.player.PlayerEntity to C:\Users\hdlhdh\AppData\Local\Temp\classDump6380543733692286588\net.minecraft.entity.player.PlayerEntity.class
[07:26:44] [pool-3-thread-1/INFO]: Wrote 2868 byte class file net.minecraftforge.event.world.BlockEvent to C:\Users\hdlhdh\AppData\Local\Temp\classDump6380543733692286588\net.minecraftforge.event.world.BlockEvent.class
[07:26:44] [pool-3-thread-1/INFO]: Wrote 1512 byte class file net.minecraftforge.event.world.BlockEvent$CropGrowEvent to C:\Users\hdlhdh\AppData\Local\Temp\classDump6380543733692286588\net.minecraftforge.event.world.BlockEvent$CropGrowEvent.class
[07:26:44] [pool-3-thread-1/INFO]: Wrote 1651 byte class file net.minecraftforge.event.world.BlockEvent$CropGrowEvent$Post to C:\Users\hdlhdh\AppData\Local\Temp\classDump6380543733692286588\net.minecraftforge.event.world.BlockEvent$CropGrowEvent$Post.class
[07:26:44] [pool-3-thread-1/INFO]: Wrote 1589 byte class file net.minecraftforge.event.world.BlockEvent$CropGrowEvent$Pre to C:\Users\hdlhdh\AppData\Local\Temp\classDump6380543733692286588\net.minecraftforge.event.world.BlockEvent$CropGrowEvent$Pre.class
[07:26:44] [pool-3-thread-1/INFO]: Wrote 1867 byte class file net.minecraftforge.event.world.BlockEvent$FarmlandTrampleEvent to C:\Users\hdlhdh\AppData\Local\Temp\classDump6380543733692286588\net.minecraftforge.event.world.BlockEvent$FarmlandTrampleEvent.class
[07:26:44] [pool-3-thread-1/INFO]: Wrote 1487 byte class file net.minecraftforge.event.entity.EntityEvent to C:\Users\hdlhdh\AppData\Local\Temp\classDump6380543733692286588\net.minecraftforge.event.entity.EntityEvent.class
[07:26:44] [pool-3-thread-1/INFO]: Wrote 1570 byte class file net.minecraftforge.event.entity.living.LivingEvent to C:\Users\hdlhdh\AppData\Local\Temp\classDump6380543733692286588\net.minecraftforge.event.entity.living.LivingEvent.class
[07:26:44] [pool-3-thread-1/INFO]: Wrote 1599 byte class file net.minecraftforge.event.entity.living.LivingAttackEvent to C:\Users\hdlhdh\AppData\Local\Temp\classDump6380543733692286588\net.minecraftforge.event.entity.living.LivingAttackEvent.class
[07:26:44] [pool-3-thread-1/INFO]: Wrote 1466 byte class file net.minecraftforge.event.entity.living.LivingDeathEvent to C:\Users\hdlhdh\AppData\Local\Temp\classDump6380543733692286588\net.minecraftforge.event.entity.living.LivingDeathEvent.class
[07:26:44] [pool-3-thread-1/INFO]: Wrote 1588 byte class file net.minecraftforge.event.entity.living.LootingLevelEvent to C:\Users\hdlhdh\AppData\Local\Temp\classDump6380543733692286588\net.minecraftforge.event.entity.living.LootingLevelEvent.class
[07:26:44] [pool-3-thread-1/INFO]: Wrote 2283 byte class file net.minecraftforge.event.entity.living.LivingDropsEvent to C:\Users\hdlhdh\AppData\Local\Temp\classDump6380543733692286588\net.minecraftforge.event.entity.living.LivingDropsEvent.class
[07:26:44] [pool-3-thread-1/INFO]: Wrote 2272 byte class file net.minecraftforge.event.entity.living.LivingKnockBackEvent to C:\Users\hdlhdh\AppData\Local\Temp\classDump6380543733692286588\net.minecraftforge.event.entity.living.LivingKnockBackEvent.class
[07:26:44] [pool-3-thread-1/INFO]: Wrote 1718 byte class file net.minecraftforge.event.entity.living.LivingFallEvent to C:\Users\hdlhdh\AppData\Local\Temp\classDump6380543733692286588\net.minecraftforge.event.entity.living.LivingFallEvent.class
[07:26:44] [pool-3-thread-1/INFO]: Wrote 1684 byte class file net.minecraftforge.event.entity.living.LivingHurtEvent to C:\Users\hdlhdh\AppData\Local\Temp\classDump6380543733692286588\net.minecraftforge.event.entity.living.LivingHurtEvent.class
[07:26:44] [pool-3-thread-1/INFO]: Wrote 1690 byte class file net.minecraftforge.event.entity.living.LivingDamageEvent to C:\Users\hdlhdh\AppData\Local\Temp\classDump6380543733692286588\net.minecraftforge.event.entity.living.LivingDamageEvent.class
[07:26:44] [pool-3-thread-1/INFO]: Wrote 1120 byte class file net.minecraftforge.event.entity.living.LivingEvent$LivingJumpEvent to C:\Users\hdlhdh\AppData\Local\Temp\classDump6380543733692286588\net.minecraftforge.event.entity.living.LivingEvent$LivingJumpEvent.class
[07:26:44] [pool-3-thread-1/INFO]: Wrote 1262 byte class file net.minecraftforge.event.entity.living.LivingEvent$LivingUpdateEvent to C:\Users\hdlhdh\AppData\Local\Temp\classDump6380543733692286588\net.minecraftforge.event.entity.living.LivingEvent$LivingUpdateEvent.class
[07:26:44] [pool-3-thread-1/INFO]: Wrote 1330 byte class file net.minecraftforge.event.DifficultyChangeEvent to C:\Users\hdlhdh\AppData\Local\Temp\classDump6380543733692286588\net.minecraftforge.event.DifficultyChangeEvent.class
[07:26:44] [pool-3-thread-1/INFO]: Wrote 2191 byte class file net.minecraftforge.event.ServerChatEvent to C:\Users\hdlhdh\AppData\Local\Temp\classDump6380543733692286588\net.minecraftforge.event.ServerChatEvent.class
[07:26:44] [pool-3-thread-1/INFO]: Wrote 75770 byte class file net.minecraft.entity.player.ServerPlayerEntity to C:\Users\hdlhdh\AppData\Local\Temp\classDump6380543733692286588\net.minecraft.entity.player.ServerPlayerEntity.class
[07:26:44] [pool-3-thread-1/INFO]: Wrote 2981 byte class file net.minecraftforge.event.world.BlockEvent$BreakEvent to C:\Users\hdlhdh\AppData\Local\Temp\classDump6380543733692286588\net.minecraftforge.event.world.BlockEvent$BreakEvent.class
[07:26:44] [pool-3-thread-1/INFO]: Wrote 3046 byte class file net.minecraftforge.event.entity.player.PlayerEvent to C:\Users\hdlhdh\AppData\Local\Temp\classDump6380543733692286588\net.minecraftforge.event.entity.player.PlayerEvent.class
[07:26:44] [pool-3-thread-1/INFO]: Wrote 2088 byte class file net.minecraftforge.event.entity.player.AnvilRepairEvent to C:\Users\hdlhdh\AppData\Local\Temp\classDump6380543733692286588\net.minecraftforge.event.entity.player.AnvilRepairEvent.class
[07:26:44] [pool-3-thread-1/INFO]: Wrote 2925 byte class file net.minecraftforge.event.AnvilUpdateEvent to C:\Users\hdlhdh\AppData\Local\Temp\classDump6380543733692286588\net.minecraftforge.event.AnvilUpdateEvent.class
[07:26:44] [pool-3-thread-1/INFO]: Wrote 4796 byte class file net.minecraftforge.event.entity.player.PlayerInteractEvent to C:\Users\hdlhdh\AppData\Local\Temp\classDump6380543733692286588\net.minecraftforge.event.entity.player.PlayerInteractEvent.class
[07:26:44] [pool-3-thread-1/INFO]: Wrote 2251 byte class file net.minecraftforge.event.entity.player.PlayerInteractEvent$EntityInteractSpecific to C:\Users\hdlhdh\AppData\Local\Temp\classDump6380543733692286588\net.minecraftforge.event.entity.player.PlayerInteractEvent$EntityInteractSpecific.class
[07:26:44] [pool-3-thread-1/INFO]: Wrote 2745 byte class file net.minecraftforge.event.entity.player.PlayerInteractEvent$LeftClickBlock to C:\Users\hdlhdh\AppData\Local\Temp\classDump6380543733692286588\net.minecraftforge.event.entity.player.PlayerInteractEvent$LeftClickBlock.class
[07:26:44] [pool-3-thread-1/INFO]: Wrote 1638 byte class file net.minecraftforge.event.entity.player.PlayerInteractEvent$RightClickEmpty to C:\Users\hdlhdh\AppData\Local\Temp\classDump6380543733692286588\net.minecraftforge.event.entity.player.PlayerInteractEvent$RightClickEmpty.class
[07:26:44] [pool-3-thread-1/INFO]: Wrote 1880 byte class file net.minecraftforge.event.entity.player.PlayerEvent$PlayerChangeGameModeEvent to C:\Users\hdlhdh\AppData\Local\Temp\classDump6380543733692286588\net.minecraftforge.event.entity.player.PlayerEvent$PlayerChangeGameModeEvent.class
[07:26:44] [pool-3-thread-1/INFO]: Wrote 1771 byte class file net.minecraftforge.event.entity.player.PlayerInteractEvent$RightClickItem to C:\Users\hdlhdh\AppData\Local\Temp\classDump6380543733692286588\net.minecraftforge.event.entity.player.PlayerInteractEvent$RightClickItem.class
[07:26:44] [pool-3-thread-1/INFO]: Wrote 1646 byte class file net.minecraftforge.event.entity.player.PlayerInteractEvent$LeftClickEmpty to C:\Users\hdlhdh\AppData\Local\Temp\classDump6380543733692286588\net.minecraftforge.event.entity.player.PlayerInteractEvent$LeftClickEmpty.class
[07:26:44] [pool-3-thread-1/INFO]: Wrote 3400 byte class file net.minecraftforge.event.entity.player.PlayerInteractEvent$RightClickBlock to C:\Users\hdlhdh\AppData\Local\Temp\classDump6380543733692286588\net.minecraftforge.event.entity.player.PlayerInteractEvent$RightClickBlock.class
[07:26:44] [pool-3-thread-1/INFO]: Wrote 1382 byte class file net.minecraftforge.event.entity.player.AdvancementEvent to C:\Users\hdlhdh\AppData\Local\Temp\classDump6380543733692286588\net.minecraftforge.event.entity.player.AdvancementEvent.class
[07:26:44] [pool-3-thread-1/INFO]: Wrote 2762 byte class file net.minecraftforge.event.world.NoteBlockEvent to C:\Users\hdlhdh\AppData\Local\Temp\classDump6380543733692286588\net.minecraftforge.event.world.NoteBlockEvent.class
[07:26:44] [pool-3-thread-1/INFO]: Wrote 2276 byte class file net.minecraftforge.event.world.NoteBlockEvent$Change to C:\Users\hdlhdh\AppData\Local\Temp\classDump6380543733692286588\net.minecraftforge.event.world.NoteBlockEvent$Change.class
[07:26:44] [pool-3-thread-1/INFO]: Wrote 2620 byte class file net.minecraftforge.event.entity.EntityAttributeCreationEvent to C:\Users\hdlhdh\AppData\Local\Temp\classDump6380543733692286588\net.minecraftforge.event.entity.EntityAttributeCreationEvent.class
[07:26:44] [pool-3-thread-1/INFO]: Wrote 6123 byte class file net.minecraftforge.event.entity.EntityAttributeModificationEvent to C:\Users\hdlhdh\AppData\Local\Temp\classDump6380543733692286588\net.minecraftforge.event.entity.EntityAttributeModificationEvent.class
[07:26:44] [pool-3-thread-1/INFO]: Wrote 1236 byte class file net.minecraftforge.event.entity.item.ItemEvent to C:\Users\hdlhdh\AppData\Local\Temp\classDump6380543733692286588\net.minecraftforge.event.entity.item.ItemEvent.class
[07:26:44] [pool-3-thread-1/INFO]: Wrote 1489 byte class file net.minecraftforge.event.entity.item.ItemTossEvent to C:\Users\hdlhdh\AppData\Local\Temp\classDump6380543733692286588\net.minecraftforge.event.entity.item.ItemTossEvent.class
[07:26:44] [pool-3-thread-1/INFO]: Wrote 1972 byte class file net.minecraftforge.event.entity.player.PlayerInteractEvent$EntityInteract to C:\Users\hdlhdh\AppData\Local\Temp\classDump6380543733692286588\net.minecraftforge.event.entity.player.PlayerInteractEvent$EntityInteract.class
[07:26:44] [pool-3-thread-1/INFO]: Wrote 2144 byte class file net.minecraftforge.event.entity.player.CriticalHitEvent to C:\Users\hdlhdh\AppData\Local\Temp\classDump6380543733692286588\net.minecraftforge.event.entity.player.CriticalHitEvent.class
[07:26:44] [pool-3-thread-1/INFO]: Wrote 3707 byte class file net.minecraftforge.event.world.BiomeLoadingEvent to C:\Users\hdlhdh\AppData\Local\Temp\classDump6380543733692286588\net.minecraftforge.event.world.BiomeLoadingEvent.class
[07:26:44] [pool-3-thread-1/INFO]: Wrote 1846 byte class file net.minecraftforge.event.entity.living.LivingEvent$LivingVisibilityEvent to C:\Users\hdlhdh\AppData\Local\Temp\classDump6380543733692286588\net.minecraftforge.event.entity.living.LivingEvent$LivingVisibilityEvent.class
[07:26:44] [pool-3-thread-1/INFO]: Wrote 1328 byte class file net.minecraftforge.event.entity.living.LivingSetAttackTargetEvent to C:\Users\hdlhdh\AppData\Local\Temp\classDump6380543733692286588\net.minecraftforge.event.entity.living.LivingSetAttackTargetEvent.class
[07:26:44] [pool-3-thread-1/INFO]: Wrote 1468 byte class file net.minecraftforge.event.entity.player.PlayerEvent$Visibility to C:\Users\hdlhdh\AppData\Local\Temp\classDump6380543733692286588\net.minecraftforge.event.entity.player.PlayerEvent$Visibility.class
[07:26:44] [pool-3-thread-1/INFO]: Wrote 1771 byte class file net.minecraftforge.event.entity.EntityTravelToDimensionEvent to C:\Users\hdlhdh\AppData\Local\Temp\classDump6380543733692286588\net.minecraftforge.event.entity.EntityTravelToDimensionEvent.class
[07:26:44] [pool-3-thread-1/INFO]: Wrote 4029 byte class file net.minecraftforge.event.ItemAttributeModifierEvent to C:\Users\hdlhdh\AppData\Local\Temp\classDump6380543733692286588\net.minecraftforge.event.ItemAttributeModifierEvent.class
[07:26:44] [pool-3-thread-1/INFO]: Wrote 1478 byte class file net.minecraftforge.event.entity.player.AttackEntityEvent to C:\Users\hdlhdh\AppData\Local\Temp\classDump6380543733692286588\net.minecraftforge.event.entity.player.AttackEntityEvent.class
[07:26:44] [pool-3-thread-1/INFO]: Wrote 77520 byte class file net.minecraft.util.SoundEvents to C:\Users\hdlhdh\AppData\Local\Temp\classDump6380543733692286588\net.minecraft.util.SoundEvents.class
[07:26:45] [pool-3-thread-1/INFO]: Wrote 9905 byte class file net.minecraft.tags.BlockTags to C:\Users\hdlhdh\AppData\Local\Temp\classDump6380543733692286588\net.minecraft.tags.BlockTags.class
[07:26:45] [pool-3-thread-1/INFO]: Wrote 3637 byte class file net.minecraft.tags.FluidTags to C:\Users\hdlhdh\AppData\Local\Temp\classDump6380543733692286588\net.minecraft.tags.FluidTags.class
[07:26:45] [pool-3-thread-1/INFO]: Wrote 1943 byte class file net.minecraftforge.event.world.NoteBlockEvent$Play to C:\Users\hdlhdh\AppData\Local\Temp\classDump6380543733692286588\net.minecraftforge.event.world.NoteBlockEvent$Play.class
[07:26:45] [pool-3-thread-1/INFO]: Wrote 7390 byte class file net.minecraft.tags.ItemTags to C:\Users\hdlhdh\AppData\Local\Temp\classDump6380543733692286588\net.minecraft.tags.ItemTags.class
[07:26:45] [pool-3-thread-1/INFO]: Wrote 1379 byte class file net.minecraftforge.event.TagsUpdatedEvent to C:\Users\hdlhdh\AppData\Local\Temp\classDump6380543733692286588\net.minecraftforge.event.TagsUpdatedEvent.class
[07:26:45] [pool-3-thread-1/INFO]: Wrote 1124 byte class file net.minecraftforge.event.TagsUpdatedEvent$VanillaTagTypes to C:\Users\hdlhdh\AppData\Local\Temp\classDump6380543733692286588\net.minecraftforge.event.TagsUpdatedEvent$VanillaTagTypes.class
[07:26:45] [pool-3-thread-1/INFO]: Wrote 3447 byte class file net.minecraft.tags.TagRegistry$NamedTag to C:\Users\hdlhdh\AppData\Local\Temp\classDump6380543733692286588\net.minecraft.tags.TagRegistry$NamedTag.class
[07:26:46] [pool-3-thread-1/INFO]: Wrote 5396 byte class file net.minecraft.potion.Effects to C:\Users\hdlhdh\AppData\Local\Temp\classDump6380543733692286588\net.minecraft.potion.Effects.class
[07:26:46] [pool-3-thread-1/INFO]: Wrote 6558 byte class file net.minecraft.entity.item.TNTEntity to C:\Users\hdlhdh\AppData\Local\Temp\classDump6380543733692286588\net.minecraft.entity.item.TNTEntity.class
[07:26:46] [pool-3-thread-1/INFO]: Wrote 8998 byte class file net.minecraft.particles.ParticleTypes to C:\Users\hdlhdh\AppData\Local\Temp\classDump6380543733692286588\net.minecraft.particles.ParticleTypes.class
[07:26:46] [pool-3-thread-1/INFO]: Wrote 2833 byte class file net.minecraft.particles.BasicParticleType to C:\Users\hdlhdh\AppData\Local\Temp\classDump6380543733692286588\net.minecraft.particles.BasicParticleType.class
[07:26:46] [pool-3-thread-1/INFO]: Wrote 12807 byte class file net.minecraft.tileentity.ChestTileEntity to C:\Users\hdlhdh\AppData\Local\Temp\classDump6380543733692286588\net.minecraft.tileentity.ChestTileEntity.class
[07:26:46] [pool-3-thread-1/INFO]: Wrote 1847 byte class file net.minecraft.block.WoodType to C:\Users\hdlhdh\AppData\Local\Temp\classDump6380543733692286588\net.minecraft.block.WoodType.class
[07:26:46] [pool-3-thread-1/INFO]: Wrote 12597 byte class file net.minecraft.entity.passive.SnowGolemEntity to C:\Users\hdlhdh\AppData\Local\Temp\classDump6380543733692286588\net.minecraft.entity.passive.SnowGolemEntity.class
[07:26:46] [pool-3-thread-1/INFO]: Wrote 52699 byte class file net.minecraft.entity.MobEntity to C:\Users\hdlhdh\AppData\Local\Temp\classDump6380543733692286588\net.minecraft.entity.MobEntity.class
[07:26:47] [pool-3-thread-1/INFO]: Wrote 23441 byte class file net.minecraft.entity.boss.WitherEntity to C:\Users\hdlhdh\AppData\Local\Temp\classDump6380543733692286588\net.minecraft.entity.boss.WitherEntity.class
[07:26:47] [pool-3-thread-1/INFO]: Wrote 12119 byte class file net.minecraft.inventory.container.RepairContainer to C:\Users\hdlhdh\AppData\Local\Temp\classDump6380543733692286588\net.minecraft.inventory.container.RepairContainer.class
[07:26:47] [pool-3-thread-1/INFO]: Wrote 20433 byte class file net.minecraft.tileentity.HopperTileEntity to C:\Users\hdlhdh\AppData\Local\Temp\classDump6380543733692286588\net.minecraft.tileentity.HopperTileEntity.class
[07:26:48] [pool-3-thread-1/INFO]: Wrote 9173 byte class file net.minecraft.inventory.container.CartographyContainer to C:\Users\hdlhdh\AppData\Local\Temp\classDump6380543733692286588\net.minecraft.inventory.container.CartographyContainer.class
[07:26:49] [pool-3-thread-1/INFO]: Wrote 1105 byte class file net.minecraftforge.event.entity.EntityEvent$EntityConstructing to C:\Users\hdlhdh\AppData\Local\Temp\classDump6380543733692286588\net.minecraftforge.event.entity.EntityEvent$EntityConstructing.class
[07:26:49] [pool-3-thread-1/INFO]: Wrote 5387 byte class file net.minecraft.entity.EntityClassification to C:\Users\hdlhdh\AppData\Local\Temp\classDump6380543733692286588\net.minecraft.entity.EntityClassification.class
[07:26:50] [pool-3-thread-1/INFO]: Wrote 3973 byte class file net.minecraft.tags.EntityTypeTags to C:\Users\hdlhdh\AppData\Local\Temp\classDump6380543733692286588\net.minecraft.tags.EntityTypeTags.class
[07:26:50] [pool-3-thread-1/INFO]: Wrote 1852 byte class file net.minecraftforge.event.entity.living.PotionEvent to C:\Users\hdlhdh\AppData\Local\Temp\classDump6380543733692286588\net.minecraftforge.event.entity.living.PotionEvent.class
[07:26:50] [pool-3-thread-1/INFO]: Wrote 1232 byte class file net.minecraftforge.event.entity.living.PotionEvent$PotionExpiryEvent to C:\Users\hdlhdh\AppData\Local\Temp\classDump6380543733692286588\net.minecraftforge.event.entity.living.PotionEvent$PotionExpiryEvent.class
[07:26:50] [pool-3-thread-1/INFO]: Wrote 2091 byte class file net.minecraftforge.event.entity.living.PotionEvent$PotionRemoveEvent to C:\Users\hdlhdh\AppData\Local\Temp\classDump6380543733692286588\net.minecraftforge.event.entity.living.PotionEvent$PotionRemoveEvent.class
[07:26:50] [pool-3-thread-1/INFO]: Wrote 1670 byte class file net.minecraftforge.event.entity.living.PotionEvent$PotionApplicableEvent to C:\Users\hdlhdh\AppData\Local\Temp\classDump6380543733692286588\net.minecraftforge.event.entity.living.PotionEvent$PotionApplicableEvent.class
[07:26:50] [pool-3-thread-1/INFO]: Wrote 1882 byte class file net.minecraftforge.event.entity.living.LivingEquipmentChangeEvent to C:\Users\hdlhdh\AppData\Local\Temp\classDump6380543733692286588\net.minecraftforge.event.entity.living.LivingEquipmentChangeEvent.class
[07:26:50] [pool-3-thread-1/INFO]: Wrote 1720 byte class file net.minecraftforge.event.entity.living.PotionEvent$PotionAddedEvent to C:\Users\hdlhdh\AppData\Local\Temp\classDump6380543733692286588\net.minecraftforge.event.entity.living.PotionEvent$PotionAddedEvent.class
[07:26:50] [pool-3-thread-1/INFO]: Wrote 2235 byte class file net.minecraftforge.event.entity.living.PotionColorCalculationEvent to C:\Users\hdlhdh\AppData\Local\Temp\classDump6380543733692286588\net.minecraftforge.event.entity.living.PotionColorCalculationEvent.class
[07:26:50] [pool-3-thread-1/INFO]: Wrote 2549 byte class file net.minecraftforge.event.entity.living.BabyEntitySpawnEvent to C:\Users\hdlhdh\AppData\Local\Temp\classDump6380543733692286588\net.minecraftforge.event.entity.living.BabyEntitySpawnEvent.class
[07:26:51] [pool-3-thread-1/INFO]: Wrote 13495 byte class file net.minecraft.entity.monster.CreeperEntity to C:\Users\hdlhdh\AppData\Local\Temp\classDump6380543733692286588\net.minecraft.entity.monster.CreeperEntity.class
[07:26:52] [pool-3-thread-1/INFO]: Wrote 1355 byte class file net.minecraftforge.event.entity.player.PlayerXpEvent to C:\Users\hdlhdh\AppData\Local\Temp\classDump6380543733692286588\net.minecraftforge.event.entity.player.PlayerXpEvent.class
[07:26:52] [pool-3-thread-1/INFO]: Wrote 1576 byte class file net.minecraftforge.event.entity.player.PlayerXpEvent$PickupXp to C:\Users\hdlhdh\AppData\Local\Temp\classDump6380543733692286588\net.minecraftforge.event.entity.player.PlayerXpEvent$PickupXp.class
[07:26:52] [pool-3-thread-1/INFO]: Wrote 4159 byte class file net.minecraft.item.BlockItemUseContext to C:\Users\hdlhdh\AppData\Local\Temp\classDump6380543733692286588\net.minecraft.item.BlockItemUseContext.class
[07:26:53] [pool-3-thread-1/INFO]: Wrote 3156 byte class file net.minecraft.item.ItemUseContext to C:\Users\hdlhdh\AppData\Local\Temp\classDump6380543733692286588\net.minecraft.item.ItemUseContext.class
[07:26:53] [pool-3-thread-1/INFO]: Wrote 16859 byte class file net.minecraft.entity.projectile.FireworkRocketEntity to C:\Users\hdlhdh\AppData\Local\Temp\classDump6380543733692286588\net.minecraft.entity.projectile.FireworkRocketEntity.class
[07:26:53] [pool-3-thread-1/INFO]: Wrote 49512 byte class file net.minecraft.item.ItemStack to C:\Users\hdlhdh\AppData\Local\Temp\classDump6380543733692286588\net.minecraft.item.ItemStack.class
[07:26:53] [pool-3-thread-1/INFO]: Wrote 15449 byte class file net.minecraft.entity.item.ItemFrameEntity to C:\Users\hdlhdh\AppData\Local\Temp\classDump6380543733692286588\net.minecraft.entity.item.ItemFrameEntity.class
[07:26:54] [pool-3-thread-1/INFO]: Wrote 16367 byte class file net.minecraft.entity.passive.MooshroomEntity to C:\Users\hdlhdh\AppData\Local\Temp\classDump6380543733692286588\net.minecraft.entity.passive.MooshroomEntity.class
[07:26:54] [pool-3-thread-1/INFO]: Wrote 25260 byte class file net.minecraft.entity.monster.piglin.PiglinEntity to C:\Users\hdlhdh\AppData\Local\Temp\classDump6380543733692286588\net.minecraft.entity.monster.piglin.PiglinEntity.class
[07:26:54] [pool-3-thread-1/INFO]: Wrote 15604 byte class file net.minecraft.entity.monster.PillagerEntity to C:\Users\hdlhdh\AppData\Local\Temp\classDump6380543733692286588\net.minecraft.entity.monster.PillagerEntity.class
[07:26:54] [pool-3-thread-1/INFO]: Wrote 22271 byte class file net.minecraft.entity.passive.SheepEntity to C:\Users\hdlhdh\AppData\Local\Temp\classDump6380543733692286588\net.minecraft.entity.passive.SheepEntity.class
[07:26:54] [pool-3-thread-1/INFO]: Wrote 2163 byte class file net.minecraft.entity.monster.SkeletonEntity to C:\Users\hdlhdh\AppData\Local\Temp\classDump6380543733692286588\net.minecraft.entity.monster.SkeletonEntity.class
[07:26:54] [pool-3-thread-1/INFO]: Wrote 12773 byte class file net.minecraft.entity.monster.AbstractSkeletonEntity to C:\Users\hdlhdh\AppData\Local\Temp\classDump6380543733692286588\net.minecraft.entity.monster.AbstractSkeletonEntity.class
[07:26:54] [pool-3-thread-1/INFO]: Wrote 3079 byte class file net.minecraft.entity.monster.StrayEntity to C:\Users\hdlhdh\AppData\Local\Temp\classDump6380543733692286588\net.minecraft.entity.monster.StrayEntity.class
[07:26:55] [pool-3-thread-1/INFO]: Wrote 5965 byte class file net.minecraft.entity.monster.WitherSkeletonEntity to C:\Users\hdlhdh\AppData\Local\Temp\classDump6380543733692286588\net.minecraft.entity.monster.WitherSkeletonEntity.class
[07:26:55] [pool-3-thread-1/INFO]: Wrote 1536 byte class file net.minecraftforge.event.world.WorldEvent to C:\Users\hdlhdh\AppData\Local\Temp\classDump6380543733692286588\net.minecraftforge.event.world.WorldEvent.class
[07:26:55] [pool-3-thread-1/INFO]: Wrote 1049 byte class file net.minecraftforge.event.world.WorldEvent$Save to C:\Users\hdlhdh\AppData\Local\Temp\classDump6380543733692286588\net.minecraftforge.event.world.WorldEvent$Save.class
[07:26:55] [pool-3-thread-1/INFO]: Wrote 1419 byte class file net.minecraftforge.event.entity.EntityJoinWorldEvent to C:\Users\hdlhdh\AppData\Local\Temp\classDump6380543733692286588\net.minecraftforge.event.entity.EntityJoinWorldEvent.class
[07:26:55] [pool-3-thread-1/INFO]: Wrote 29028 byte class file net.minecraft.world.server.ServerChunkProvider to C:\Users\hdlhdh\AppData\Local\Temp\classDump6380543733692286588\net.minecraft.world.server.ServerChunkProvider.class
[07:26:55] [pool-3-thread-1/INFO]: Wrote 1286 byte class file net.minecraftforge.event.entity.EntityLeaveWorldEvent to C:\Users\hdlhdh\AppData\Local\Temp\classDump6380543733692286588\net.minecraftforge.event.entity.EntityLeaveWorldEvent.class
[07:26:55] [pool-3-thread-1/INFO]: Wrote 444 byte class file net.minecraft.util.WeightedRandom$Item to C:\Users\hdlhdh\AppData\Local\Temp\classDump6380543733692286588\net.minecraft.util.WeightedRandom$Item.class
[07:26:55] [pool-3-thread-1/INFO]: Wrote 6102 byte class file net.minecraft.world.gen.feature.jigsaw.JigsawPattern$PlacementBehaviour to C:\Users\hdlhdh\AppData\Local\Temp\classDump6380543733692286588\net.minecraft.world.gen.feature.jigsaw.JigsawPattern$PlacementBehaviour.class
[07:26:55] [pool-3-thread-1/INFO]: Wrote 5018 byte class file net.minecraft.world.biome.MobSpawnInfo$Builder to C:\Users\hdlhdh\AppData\Local\Temp\classDump6380543733692286588\net.minecraft.world.biome.MobSpawnInfo$Builder.class
[07:26:55] [pool-3-thread-1/INFO]: Wrote 9867 byte class file net.minecraft.world.biome.BiomeGenerationSettings$Builder to C:\Users\hdlhdh\AppData\Local\Temp\classDump6380543733692286588\net.minecraft.world.biome.BiomeGenerationSettings$Builder.class
[07:26:55] [pool-3-thread-1/INFO]: Wrote 6046 byte class file net.minecraft.world.biome.BiomeAmbience$GrassColorModifier to C:\Users\hdlhdh\AppData\Local\Temp\classDump6380543733692286588\net.minecraft.world.biome.BiomeAmbience$GrassColorModifier.class
[07:26:55] [pool-3-thread-1/INFO]: Wrote 4616 byte class file net.minecraft.world.biome.Biome$Climate to C:\Users\hdlhdh\AppData\Local\Temp\classDump6380543733692286588\net.minecraft.world.biome.Biome$Climate.class
[07:26:55] [pool-3-thread-1/INFO]: Wrote 8154 byte class file net.minecraft.world.gen.settings.DimensionStructuresSettings to C:\Users\hdlhdh\AppData\Local\Temp\classDump6380543733692286588\net.minecraft.world.gen.settings.DimensionStructuresSettings.class
[07:26:56] [pool-3-thread-1/INFO]: Wrote 7334 byte class file net.minecraft.enchantment.Enchantments to C:\Users\hdlhdh\AppData\Local\Temp\classDump6380543733692286588\net.minecraft.enchantment.Enchantments.class
[07:26:56] [pool-3-thread-1/INFO]: Wrote 1510 byte class file net.minecraft.enchantment.EfficiencyEnchantment to C:\Users\hdlhdh\AppData\Local\Temp\classDump6380543733692286588\net.minecraft.enchantment.EfficiencyEnchantment.class
[07:26:56] [pool-3-thread-1/INFO]: Wrote 4343 byte class file net.minecraft.enchantment.EnchantmentType to C:\Users\hdlhdh\AppData\Local\Temp\classDump6380543733692286588\net.minecraft.enchantment.EnchantmentType.class
[07:26:56] [pool-3-thread-1/INFO]: Wrote 101029 byte class file net.minecraft.item.Items to C:\Users\hdlhdh\AppData\Local\Temp\classDump6380543733692286588\net.minecraft.item.Items.class
[07:26:56] [pool-3-thread-1/INFO]: Wrote 6546 byte class file net.minecraft.item.ToolItem to C:\Users\hdlhdh\AppData\Local\Temp\classDump6380543733692286588\net.minecraft.item.ToolItem.class
[07:26:56] [pool-3-thread-1/INFO]: Wrote 5526 byte class file net.minecraft.item.PickaxeItem to C:\Users\hdlhdh\AppData\Local\Temp\classDump6380543733692286588\net.minecraft.item.PickaxeItem.class
[07:26:56] [pool-3-thread-1/INFO]: Wrote 8041 byte class file net.minecraft.item.AxeItem to C:\Users\hdlhdh\AppData\Local\Temp\classDump6380543733692286588\net.minecraft.item.AxeItem.class
[07:26:56] [pool-3-thread-1/INFO]: Wrote 6695 byte class file net.minecraft.item.HoeItem to C:\Users\hdlhdh\AppData\Local\Temp\classDump6380543733692286588\net.minecraft.item.HoeItem.class
[07:26:56] [pool-3-thread-1/INFO]: Wrote 13170 byte class file net.minecraft.item.BucketItem to C:\Users\hdlhdh\AppData\Local\Temp\classDump6380543733692286588\net.minecraft.item.BucketItem.class
[07:26:56] [pool-3-thread-1/INFO]: Wrote 8049 byte class file net.minecraft.item.FishBucketItem to C:\Users\hdlhdh\AppData\Local\Temp\classDump6380543733692286588\net.minecraft.item.FishBucketItem.class
[07:26:56] [pool-3-thread-1/INFO]: Wrote 6509 byte class file net.minecraft.item.MusicDiscItem to C:\Users\hdlhdh\AppData\Local\Temp\classDump6380543733692286588\net.minecraft.item.MusicDiscItem.class
[07:26:56] [pool-3-thread-1/INFO]: Wrote 18450 byte class file net.minecraft.item.CrossbowItem to C:\Users\hdlhdh\AppData\Local\Temp\classDump6380543733692286588\net.minecraft.item.CrossbowItem.class
[07:26:56] [pool-3-thread-1/INFO]: Wrote 2101 byte class file net.minecraft.item.Rarity to C:\Users\hdlhdh\AppData\Local\Temp\classDump6380543733692286588\net.minecraft.item.Rarity.class
[07:26:56] [pool-3-thread-1/INFO]: Wrote 8805 byte class file net.minecraft.item.ItemGroup to C:\Users\hdlhdh\AppData\Local\Temp\classDump6380543733692286588\net.minecraft.item.ItemGroup.class
[07:26:57] [pool-3-thread-1/INFO]: Wrote 15875 byte class file net.minecraft.item.crafting.Ingredient to C:\Users\hdlhdh\AppData\Local\Temp\classDump6380543733692286588\net.minecraft.item.crafting.Ingredient.class
[07:26:57] [pool-3-thread-1/INFO]: Wrote 11422 byte class file net.minecraft.potion.EffectInstance to C:\Users\hdlhdh\AppData\Local\Temp\classDump6380543733692286588\net.minecraft.potion.EffectInstance.class
[07:26:57] [pool-3-thread-1/INFO]: Wrote 25287 byte class file net.minecraft.entity.projectile.FishingBobberEntity to C:\Users\hdlhdh\AppData\Local\Temp\classDump6380543733692286588\net.minecraft.entity.projectile.FishingBobberEntity.class
[07:26:57] [pool-3-thread-1/INFO]: Wrote 8662 byte class file net.minecraft.tileentity.BannerPattern to C:\Users\hdlhdh\AppData\Local\Temp\classDump6380543733692286588\net.minecraft.tileentity.BannerPattern.class
[07:26:57] [pool-3-thread-1/INFO]: Wrote 662 byte class file net.minecraft.inventory.container.ContainerType$IFactory to C:\Users\hdlhdh\AppData\Local\Temp\classDump6380543733692286588\net.minecraft.inventory.container.ContainerType$IFactory.class
[07:26:57] [pool-3-thread-1/INFO]: Wrote 1229 byte class file net.minecraft.inventory.container.CartographyContainer$3 to C:\Users\hdlhdh\AppData\Local\Temp\classDump6380543733692286588\net.minecraft.inventory.container.CartographyContainer$3.class
[07:26:58] [pool-3-thread-1/INFO]: Wrote 8758 byte class file net.minecraft.world.gen.DebugChunkGenerator to C:\Users\hdlhdh\AppData\Local\Temp\classDump6380543733692286588\net.minecraft.world.gen.DebugChunkGenerator.class
[07:26:58] [pool-3-thread-1/INFO]: Wrote 413 byte class file net.minecraft.item.crafting.Ingredient$IItemList to C:\Users\hdlhdh\AppData\Local\Temp\classDump6380543733692286588\net.minecraft.item.crafting.Ingredient$IItemList.class
[07:26:58] [pool-3-thread-1/INFO]: Wrote 1665 byte class file net.minecraft.item.crafting.Ingredient$SingleItemList to C:\Users\hdlhdh\AppData\Local\Temp\classDump6380543733692286588\net.minecraft.item.crafting.Ingredient$SingleItemList.class
[07:26:58] [pool-3-thread-1/INFO]: Wrote 34926 byte class file net.minecraft.command.arguments.EntityOptions to C:\Users\hdlhdh\AppData\Local\Temp\classDump6380543733692286588\net.minecraft.command.arguments.EntityOptions.class
[07:26:58] [pool-3-thread-1/INFO]: Wrote 26819 byte class file net.minecraft.command.arguments.EntitySelectorParser to C:\Users\hdlhdh\AppData\Local\Temp\classDump6380543733692286588\net.minecraft.command.arguments.EntitySelectorParser.class
[07:26:59] [main/INFO]: Wrote 3628 byte class file net.minecraft.util.Session to C:\Users\hdlhdh\AppData\Local\Temp\classDump6380543733692286588\net.minecraft.util.Session.class
[07:26:59] [main/INFO]: Wrote 2834 byte class file net.minecraft.util.Session$Type to C:\Users\hdlhdh\AppData\Local\Temp\classDump6380543733692286588\net.minecraft.util.Session$Type.class
[07:26:59] [Render thread/INFO]: Wrote 13785 byte class file net.minecraft.client.renderer.BufferBuilder to C:\Users\hdlhdh\AppData\Local\Temp\classDump6380543733692286588\net.minecraft.client.renderer.BufferBuilder.class
[07:26:59] [Render thread/INFO]: Wrote 7444 byte class file com.mojang.blaze3d.vertex.IVertexBuilder to C:\Users\hdlhdh\AppData\Local\Temp\classDump6380543733692286588\com.mojang.blaze3d.vertex.IVertexBuilder.class
[07:26:59] [Render thread/INFO]: Wrote 125279 byte class file net.minecraft.client.Minecraft to C:\Users\hdlhdh\AppData\Local\Temp\classDump6380543733692286588\net.minecraft.client.Minecraft.class
[07:26:59] [Render thread/INFO]: Wrote 6288 byte class file net.minecraft.util.concurrent.ThreadTaskExecutor to C:\Users\hdlhdh\AppData\Local\Temp\classDump6380543733692286588\net.minecraft.util.concurrent.ThreadTaskExecutor.class
[07:26:59] [Render thread/INFO]: Wrote 987 byte class file net.minecraftforge.client.event.ParticleFactoryRegisterEvent to C:\Users\hdlhdh\AppData\Local\Temp\classDump6380543733692286588\net.minecraftforge.client.event.ParticleFactoryRegisterEvent.class
[07:26:59] [Render thread/INFO]: Wrote 43983 byte class file net.minecraft.client.gui.IngameGui to C:\Users\hdlhdh\AppData\Local\Temp\classDump6380543733692286588\net.minecraft.client.gui.IngameGui.class
[07:26:59] [Render thread/INFO]: Wrote 6538 byte class file net.minecraft.client.gui.ResourceLoadProgressGui to C:\Users\hdlhdh\AppData\Local\Temp\classDump6380543733692286588\net.minecraft.client.gui.ResourceLoadProgressGui.class
[07:26:59] [Render thread/INFO]: Wrote 25640 byte class file net.minecraft.client.gui.screen.Screen to C:\Users\hdlhdh\AppData\Local\Temp\classDump6380543733692286588\net.minecraft.client.gui.screen.Screen.class
[07:26:59] [Render thread/INFO]: Wrote 22732 byte class file net.minecraft.client.gui.screen.MainMenuScreen to C:\Users\hdlhdh\AppData\Local\Temp\classDump6380543733692286588\net.minecraft.client.gui.screen.MainMenuScreen.class
[07:26:59] [Render thread/INFO]: Wrote 8620 byte class file net.minecraft.client.gui.screen.DeathScreen to C:\Users\hdlhdh\AppData\Local\Temp\classDump6380543733692286588\net.minecraft.client.gui.screen.DeathScreen.class
[07:26:59] [Render thread/INFO]: Wrote 1393 byte class file net.minecraftforge.client.event.GuiOpenEvent to C:\Users\hdlhdh\AppData\Local\Temp\classDump6380543733692286588\net.minecraftforge.client.event.GuiOpenEvent.class
[07:26:59] [Render thread/INFO]: Wrote 1055 byte class file net.minecraftforge.event.world.WorldEvent$Unload to C:\Users\hdlhdh\AppData\Local\Temp\classDump6380543733692286588\net.minecraftforge.event.world.WorldEvent$Unload.class
[07:26:59] [Render thread/INFO]: Wrote 41680 byte class file net.minecraft.client.entity.player.ClientPlayerEntity to C:\Users\hdlhdh\AppData\Local\Temp\classDump6380543733692286588\net.minecraft.client.entity.player.ClientPlayerEntity.class
[07:26:59] [Render thread/INFO]: Wrote 7012 byte class file net.minecraft.client.entity.player.AbstractClientPlayerEntity to C:\Users\hdlhdh\AppData\Local\Temp\classDump6380543733692286588\net.minecraft.client.entity.player.AbstractClientPlayerEntity.class
[authlib-injector] [INFO] Httpd is running on port 50042
[authlib-injector] [INFO] Transformed [net.minecraft.client.entity.player.AbstractClientPlayerEntity] with [Constant URL Transformer]
[07:27:00] [Render thread/INFO]: Wrote 45462 byte class file net.minecraft.client.world.ClientWorld to C:\Users\hdlhdh\AppData\Local\Temp\classDump6380543733692286588\net.minecraft.client.world.ClientWorld.class
[07:27:00] [Render thread/INFO]: Wrote 8659 byte class file net.minecraft.client.gui.DisplayEffectsScreen to C:\Users\hdlhdh\AppData\Local\Temp\classDump6380543733692286588\net.minecraft.client.gui.DisplayEffectsScreen.class
[07:27:00] [Render thread/INFO]: Wrote 23496 byte class file net.minecraft.client.gui.screen.inventory.ContainerScreen to C:\Users\hdlhdh\AppData\Local\Temp\classDump6380543733692286588\net.minecraft.client.gui.screen.inventory.ContainerScreen.class
[07:27:00] [Render thread/INFO]: Wrote 13520 byte class file net.minecraft.client.gui.advancements.AdvancementsScreen to C:\Users\hdlhdh\AppData\Local\Temp\classDump6380543733692286588\net.minecraft.client.gui.advancements.AdvancementsScreen.class
[07:27:00] [Render thread/INFO]: Wrote 3255 byte class file net.minecraft.client.util.SearchTreeManager to C:\Users\hdlhdh\AppData\Local\Temp\classDump6380543733692286588\net.minecraft.client.util.SearchTreeManager.class
[07:27:00] [Render thread/INFO]: Wrote 585 byte class file net.minecraft.client.util.SearchTreeManager$Key to C:\Users\hdlhdh\AppData\Local\Temp\classDump6380543733692286588\net.minecraft.client.util.SearchTreeManager$Key.class
[07:27:00] [Render thread/INFO]: Wrote 1354 byte class file net.minecraftforge.client.event.InputUpdateEvent to C:\Users\hdlhdh\AppData\Local\Temp\classDump6380543733692286588\net.minecraftforge.client.event.InputUpdateEvent.class
[07:27:00] [Render thread/INFO]: Wrote 2015 byte class file net.minecraftforge.client.event.RenderWorldLastEvent to C:\Users\hdlhdh\AppData\Local\Temp\classDump6380543733692286588\net.minecraftforge.client.event.RenderWorldLastEvent.class
[07:27:00] [Render thread/INFO]: Wrote 1129 byte class file net.minecraftforge.client.event.ColorHandlerEvent to C:\Users\hdlhdh\AppData\Local\Temp\classDump6380543733692286588\net.minecraftforge.client.event.ColorHandlerEvent.class
[07:27:00] [Render thread/INFO]: Wrote 1559 byte class file net.minecraftforge.client.event.ColorHandlerEvent$Item to C:\Users\hdlhdh\AppData\Local\Temp\classDump6380543733692286588\net.minecraftforge.client.event.ColorHandlerEvent$Item.class
[07:27:00] [Render thread/INFO]: Wrote 1283 byte class file net.minecraftforge.client.event.ColorHandlerEvent$Block to C:\Users\hdlhdh\AppData\Local\Temp\classDump6380543733692286588\net.minecraftforge.client.event.ColorHandlerEvent$Block.class
[07:27:00] [Render thread/INFO]: Wrote 1297 byte class file net.minecraftforge.client.event.sound.SoundEvent to C:\Users\hdlhdh\AppData\Local\Temp\classDump6380543733692286588\net.minecraftforge.client.event.sound.SoundEvent.class
[07:27:00] [Render thread/INFO]: Wrote 1929 byte class file net.minecraftforge.client.event.sound.PlaySoundEvent to C:\Users\hdlhdh\AppData\Local\Temp\classDump6380543733692286588\net.minecraftforge.client.event.sound.PlaySoundEvent.class
[07:27:00] [Render thread/INFO]: Wrote 2207 byte class file net.minecraftforge.client.event.EntityViewRenderEvent to C:\Users\hdlhdh\AppData\Local\Temp\classDump6380543733692286588\net.minecraftforge.client.event.EntityViewRenderEvent.class
[07:27:00] [Render thread/INFO]: Wrote 1860 byte class file net.minecraftforge.client.event.EntityViewRenderEvent$FogEvent to C:\Users\hdlhdh\AppData\Local\Temp\classDump6380543733692286588\net.minecraftforge.client.event.EntityViewRenderEvent$FogEvent.class
[07:27:00] [Render thread/INFO]: Wrote 2186 byte class file net.minecraftforge.client.event.EntityViewRenderEvent$RenderFogEvent to C:\Users\hdlhdh\AppData\Local\Temp\classDump6380543733692286588\net.minecraftforge.client.event.EntityViewRenderEvent$RenderFogEvent.class
[07:27:00] [Render thread/INFO]: Wrote 2133 byte class file net.minecraftforge.client.event.EntityViewRenderEvent$FogDensity to C:\Users\hdlhdh\AppData\Local\Temp\classDump6380543733692286588\net.minecraftforge.client.event.EntityViewRenderEvent$FogDensity.class
[07:27:00] [Render thread/INFO]: Wrote 2479 byte class file net.minecraftforge.client.event.GuiScreenEvent to C:\Users\hdlhdh\AppData\Local\Temp\classDump6380543733692286588\net.minecraftforge.client.event.GuiScreenEvent.class
[07:27:00] [Render thread/INFO]: Wrote 2002 byte class file net.minecraftforge.client.event.GuiScreenEvent$DrawScreenEvent to C:\Users\hdlhdh\AppData\Local\Temp\classDump6380543733692286588\net.minecraftforge.client.event.GuiScreenEvent$DrawScreenEvent.class
[07:27:00] [Render thread/INFO]: Wrote 1539 byte class file net.minecraftforge.client.event.GuiScreenEvent$DrawScreenEvent$Pre to C:\Users\hdlhdh\AppData\Local\Temp\classDump6380543733692286588\net.minecraftforge.client.event.GuiScreenEvent$DrawScreenEvent$Pre.class
[07:27:00] [Render thread/INFO]: Wrote 1406 byte class file net.minecraftforge.client.event.GuiScreenEvent$DrawScreenEvent$Post to C:\Users\hdlhdh\AppData\Local\Temp\classDump6380543733692286588\net.minecraftforge.client.event.GuiScreenEvent$DrawScreenEvent$Post.class
[07:27:00] [Render thread/INFO]: Wrote 1632 byte class file net.minecraftforge.client.event.EntityViewRenderEvent$FOVModifier to C:\Users\hdlhdh\AppData\Local\Temp\classDump6380543733692286588\net.minecraftforge.client.event.EntityViewRenderEvent$FOVModifier.class
[07:27:00] [Render thread/INFO]: Wrote 2230 byte class file net.minecraftforge.client.event.ModelBakeEvent to C:\Users\hdlhdh\AppData\Local\Temp\classDump6380543733692286588\net.minecraftforge.client.event.ModelBakeEvent.class
[07:27:00] [Render thread/INFO]: Wrote 2053 byte class file net.minecraftforge.client.event.EntityViewRenderEvent$CameraSetup to C:\Users\hdlhdh\AppData\Local\Temp\classDump6380543733692286588\net.minecraftforge.client.event.EntityViewRenderEvent$CameraSetup.class
[07:27:00] [Render thread/INFO]: Wrote 3303 byte class file net.minecraftforge.client.event.RenderGameOverlayEvent to C:\Users\hdlhdh\AppData\Local\Temp\classDump6380543733692286588\net.minecraftforge.client.event.RenderGameOverlayEvent.class
[07:27:00] [Render thread/INFO]: Wrote 1890 byte class file net.minecraftforge.client.event.RenderGameOverlayEvent$Post to C:\Users\hdlhdh\AppData\Local\Temp\classDump6380543733692286588\net.minecraftforge.client.event.RenderGameOverlayEvent$Post.class
[07:27:00] [Render thread/INFO]: Wrote 2530 byte class file net.minecraftforge.client.event.ScreenshotEvent to C:\Users\hdlhdh\AppData\Local\Temp\classDump6380543733692286588\net.minecraftforge.client.event.ScreenshotEvent.class
[07:27:00] [Render thread/INFO]: Wrote 1808 byte class file net.minecraftforge.client.event.RenderGameOverlayEvent$Pre to C:\Users\hdlhdh\AppData\Local\Temp\classDump6380543733692286588\net.minecraftforge.client.event.RenderGameOverlayEvent$Pre.class
[07:27:00] [Render thread/INFO]: Wrote 2484 byte class file net.minecraftforge.client.event.RenderGameOverlayEvent$BossInfo to C:\Users\hdlhdh\AppData\Local\Temp\classDump6380543733692286588\net.minecraftforge.client.event.RenderGameOverlayEvent$BossInfo.class
[07:27:00] [Render thread/INFO]: Wrote 1424 byte class file net.minecraftforge.client.event.GuiScreenEvent$MouseInputEvent to C:\Users\hdlhdh\AppData\Local\Temp\classDump6380543733692286588\net.minecraftforge.client.event.GuiScreenEvent$MouseInputEvent.class
[07:27:00] [Render thread/INFO]: Wrote 1870 byte class file net.minecraftforge.client.event.GuiScreenEvent$MouseDragEvent to C:\Users\hdlhdh\AppData\Local\Temp\classDump6380543733692286588\net.minecraftforge.client.event.GuiScreenEvent$MouseDragEvent.class
[07:27:00] [Render thread/INFO]: Wrote 1472 byte class file net.minecraftforge.client.event.GuiScreenEvent$MouseDragEvent$Post to C:\Users\hdlhdh\AppData\Local\Temp\classDump6380543733692286588\net.minecraftforge.client.event.GuiScreenEvent$MouseDragEvent$Post.class
[07:27:00] [Render thread/INFO]: Wrote 1469 byte class file net.minecraftforge.client.event.GuiScreenEvent$MouseDragEvent$Pre to C:\Users\hdlhdh\AppData\Local\Temp\classDump6380543733692286588\net.minecraftforge.client.event.GuiScreenEvent$MouseDragEvent$Pre.class
[07:27:00] [Render thread/INFO]: Wrote 1341 byte class file net.minecraftforge.client.event.InputEvent to C:\Users\hdlhdh\AppData\Local\Temp\classDump6380543733692286588\net.minecraftforge.client.event.InputEvent.class
[07:27:00] [Render thread/INFO]: Wrote 1497 byte class file net.minecraftforge.client.event.InputEvent$RawMouseEvent to C:\Users\hdlhdh\AppData\Local\Temp\classDump6380543733692286588\net.minecraftforge.client.event.InputEvent$RawMouseEvent.class
[07:27:00] [Render thread/INFO]: Wrote 1559 byte class file net.minecraftforge.client.event.GuiScreenEvent$KeyboardKeyEvent to C:\Users\hdlhdh\AppData\Local\Temp\classDump6380543733692286588\net.minecraftforge.client.event.GuiScreenEvent$KeyboardKeyEvent.class
[07:27:00] [Render thread/INFO]: Wrote 1511 byte class file net.minecraftforge.client.event.GuiScreenEvent$KeyboardKeyPressedEvent to C:\Users\hdlhdh\AppData\Local\Temp\classDump6380543733692286588\net.minecraftforge.client.event.GuiScreenEvent$KeyboardKeyPressedEvent.class
[07:27:00] [Render thread/INFO]: Wrote 1459 byte class file net.minecraftforge.client.event.GuiScreenEvent$KeyboardKeyPressedEvent$Pre to C:\Users\hdlhdh\AppData\Local\Temp\classDump6380543733692286588\net.minecraftforge.client.event.GuiScreenEvent$KeyboardKeyPressedEvent$Pre.class
[07:27:00] [Render thread/INFO]: Wrote 1367 byte class file net.minecraftforge.client.event.InputEvent$MouseInputEvent to C:\Users\hdlhdh\AppData\Local\Temp\classDump6380543733692286588\net.minecraftforge.client.event.InputEvent$MouseInputEvent.class
[07:27:00] [Render thread/INFO]: Wrote 1654 byte class file net.minecraftforge.client.event.GuiScreenEvent$KeyboardCharTypedEvent to C:\Users\hdlhdh\AppData\Local\Temp\classDump6380543733692286588\net.minecraftforge.client.event.GuiScreenEvent$KeyboardCharTypedEvent.class
[07:27:00] [Render thread/INFO]: Wrote 1437 byte class file net.minecraftforge.client.event.GuiScreenEvent$KeyboardCharTypedEvent$Pre to C:\Users\hdlhdh\AppData\Local\Temp\classDump6380543733692286588\net.minecraftforge.client.event.GuiScreenEvent$KeyboardCharTypedEvent$Pre.class
[07:27:00] [Render thread/INFO]: Wrote 1903 byte class file net.minecraftforge.client.event.InputEvent$MouseScrollEvent to C:\Users\hdlhdh\AppData\Local\Temp\classDump6380543733692286588\net.minecraftforge.client.event.InputEvent$MouseScrollEvent.class
[07:27:00] [Render thread/INFO]: Wrote 1202 byte class file net.minecraftforge.client.event.RecipesUpdatedEvent to C:\Users\hdlhdh\AppData\Local\Temp\classDump6380543733692286588\net.minecraftforge.client.event.RecipesUpdatedEvent.class
[07:27:00] [Render thread/INFO]: Wrote 1440 byte class file net.minecraftforge.client.event.GuiScreenEvent$KeyboardCharTypedEvent$Post to C:\Users\hdlhdh\AppData\Local\Temp\classDump6380543733692286588\net.minecraftforge.client.event.GuiScreenEvent$KeyboardCharTypedEvent$Post.class
[07:27:01] [Render thread/INFO]: Wrote 1490 byte class file net.minecraftforge.client.event.InputEvent$KeyInputEvent to C:\Users\hdlhdh\AppData\Local\Temp\classDump6380543733692286588\net.minecraftforge.client.event.InputEvent$KeyInputEvent.class
[07:27:01] [Render thread/INFO]: Wrote 2170 byte class file net.minecraftforge.client.event.InputEvent$ClickInputEvent to C:\Users\hdlhdh\AppData\Local\Temp\classDump6380543733692286588\net.minecraftforge.client.event.InputEvent$ClickInputEvent.class
[07:27:01] [Render thread/INFO]: Wrote 2911 byte class file net.minecraftforge.client.event.DrawHighlightEvent to C:\Users\hdlhdh\AppData\Local\Temp\classDump6380543733692286588\net.minecraftforge.client.event.DrawHighlightEvent.class
[07:27:01] [Render thread/INFO]: Wrote 2178 byte class file net.minecraftforge.client.event.DrawHighlightEvent$HighlightBlock to C:\Users\hdlhdh\AppData\Local\Temp\classDump6380543733692286588\net.minecraftforge.client.event.DrawHighlightEvent$HighlightBlock.class
[07:27:01] [Render thread/INFO]: Wrote 2183 byte class file net.minecraftforge.client.event.DrawHighlightEvent$HighlightEntity to C:\Users\hdlhdh\AppData\Local\Temp\classDump6380543733692286588\net.minecraftforge.client.event.DrawHighlightEvent$HighlightEntity.class
[07:27:01] [Render thread/INFO]: Wrote 2810 byte class file net.minecraftforge.client.event.RenderHandEvent to C:\Users\hdlhdh\AppData\Local\Temp\classDump6380543733692286588\net.minecraftforge.client.event.RenderHandEvent.class
[07:27:01] [Render thread/INFO]: Wrote 1462 byte class file net.minecraftforge.client.event.GuiScreenEvent$KeyboardKeyPressedEvent$Post to C:\Users\hdlhdh\AppData\Local\Temp\classDump6380543733692286588\net.minecraftforge.client.event.GuiScreenEvent$KeyboardKeyPressedEvent$Post.class
[07:27:01] [Render thread/INFO]: Wrote 1631 byte class file net.minecraftforge.client.event.GuiScreenEvent$MouseClickedEvent to C:\Users\hdlhdh\AppData\Local\Temp\classDump6380543733692286588\net.minecraftforge.client.event.GuiScreenEvent$MouseClickedEvent.class
[07:27:01] [Render thread/INFO]: Wrote 1437 byte class file net.minecraftforge.client.event.GuiScreenEvent$MouseClickedEvent$Post to C:\Users\hdlhdh\AppData\Local\Temp\classDump6380543733692286588\net.minecraftforge.client.event.GuiScreenEvent$MouseClickedEvent$Post.class
[07:27:01] [Render thread/INFO]: Wrote 1636 byte class file net.minecraftforge.client.event.GuiScreenEvent$MouseReleasedEvent to C:\Users\hdlhdh\AppData\Local\Temp\classDump6380543733692286588\net.minecraftforge.client.event.GuiScreenEvent$MouseReleasedEvent.class
[07:27:01] [Render thread/INFO]: Wrote 1441 byte class file net.minecraftforge.client.event.GuiScreenEvent$MouseReleasedEvent$Post to C:\Users\hdlhdh\AppData\Local\Temp\classDump6380543733692286588\net.minecraftforge.client.event.GuiScreenEvent$MouseReleasedEvent$Post.class
[07:27:01] [Render thread/INFO]: Wrote 1632 byte class file net.minecraftforge.client.event.GuiScreenEvent$MouseScrollEvent to C:\Users\hdlhdh\AppData\Local\Temp\classDump6380543733692286588\net.minecraftforge.client.event.GuiScreenEvent$MouseScrollEvent.class
[07:27:01] [Render thread/INFO]: Wrote 1431 byte class file net.minecraftforge.client.event.GuiScreenEvent$MouseScrollEvent$Pre to C:\Users\hdlhdh\AppData\Local\Temp\classDump6380543733692286588\net.minecraftforge.client.event.GuiScreenEvent$MouseScrollEvent$Pre.class
[07:27:01] [Render thread/INFO]: Wrote 1516 byte class file net.minecraftforge.client.event.GuiScreenEvent$KeyboardKeyReleasedEvent to C:\Users\hdlhdh\AppData\Local\Temp\classDump6380543733692286588\net.minecraftforge.client.event.GuiScreenEvent$KeyboardKeyReleasedEvent.class
[07:27:01] [Render thread/INFO]: Wrote 1463 byte class file net.minecraftforge.client.event.GuiScreenEvent$KeyboardKeyReleasedEvent$Pre to C:\Users\hdlhdh\AppData\Local\Temp\classDump6380543733692286588\net.minecraftforge.client.event.GuiScreenEvent$KeyboardKeyReleasedEvent$Pre.class
[07:27:01] [Render thread/INFO]: Wrote 1654 byte class file net.minecraftforge.client.event.ClientPlayerChangeGameModeEvent to C:\Users\hdlhdh\AppData\Local\Temp\classDump6380543733692286588\net.minecraftforge.client.event.ClientPlayerChangeGameModeEvent.class
[07:27:01] [Render thread/INFO]: Wrote 1466 byte class file net.minecraftforge.client.event.GuiScreenEvent$KeyboardKeyReleasedEvent$Post to C:\Users\hdlhdh\AppData\Local\Temp\classDump6380543733692286588\net.minecraftforge.client.event.GuiScreenEvent$KeyboardKeyReleasedEvent$Post.class
[07:27:01] [Render thread/INFO]: Wrote 1434 byte class file net.minecraftforge.client.event.GuiScreenEvent$MouseScrollEvent$Post to C:\Users\hdlhdh\AppData\Local\Temp\classDump6380543733692286588\net.minecraftforge.client.event.GuiScreenEvent$MouseScrollEvent$Post.class
[07:27:01] [Render thread/INFO]: Wrote 1434 byte class file net.minecraftforge.client.event.GuiScreenEvent$MouseClickedEvent$Pre to C:\Users\hdlhdh\AppData\Local\Temp\classDump6380543733692286588\net.minecraftforge.client.event.GuiScreenEvent$MouseClickedEvent$Pre.class
[07:27:01] [Render thread/INFO]: Wrote 1438 byte class file net.minecraftforge.client.event.GuiScreenEvent$MouseReleasedEvent$Pre to C:\Users\hdlhdh\AppData\Local\Temp\classDump6380543733692286588\net.minecraftforge.client.event.GuiScreenEvent$MouseReleasedEvent$Pre.class
[07:27:01] [Render thread/INFO]: Wrote 2275 byte class file net.minecraftforge.client.event.RenderArmEvent to C:\Users\hdlhdh\AppData\Local\Temp\classDump6380543733692286588\net.minecraftforge.client.event.RenderArmEvent.class
[07:27:01] [Render thread/INFO]: Wrote 1448 byte class file net.minecraftforge.client.event.TextureStitchEvent to C:\Users\hdlhdh\AppData\Local\Temp\classDump6380543733692286588\net.minecraftforge.client.event.TextureStitchEvent.class
[07:27:01] [Render thread/INFO]: Wrote 1749 byte class file net.minecraftforge.client.event.TextureStitchEvent$Pre to C:\Users\hdlhdh\AppData\Local\Temp\classDump6380543733692286588\net.minecraftforge.client.event.TextureStitchEvent$Pre.class
[07:27:01] [Render thread/INFO]: Wrote 1130 byte class file net.minecraftforge.client.event.TextureStitchEvent$Post to C:\Users\hdlhdh\AppData\Local\Temp\classDump6380543733692286588\net.minecraftforge.client.event.TextureStitchEvent$Post.class
[07:27:01] [Render thread/INFO]: Wrote 1835 byte class file net.minecraftforge.client.event.FOVUpdateEvent to C:\Users\hdlhdh\AppData\Local\Temp\classDump6380543733692286588\net.minecraftforge.client.event.FOVUpdateEvent.class
[07:27:01] [Render thread/INFO]: Wrote 5733 byte class file net.minecraft.resources.ResourcePack to C:\Users\hdlhdh\AppData\Local\Temp\classDump6380543733692286588\net.minecraft.resources.ResourcePack.class
[authlib-injector] [INFO] Transformed [com.mojang.authlib.HttpAuthenticationService] with [ConcatenateURL Workaround]
[authlib-injector] [INFO] Transformed [com.mojang.authlib.yggdrasil.YggdrasilEnvironment] with [Constant URL Transformer]
[07:27:01] [Render thread/INFO]: Environment: authHost='http://localhost:50015/authserver', accountsHost='http://127.0.0.1:50042/https/api.mojang.com', sessionHost='http://127.0.0.1:50042/https/sessionserver.mojang.com', servicesHost='http://127.0.0.1:50042/https/api.minecraftservices.com', name='PROD'
[authlib-injector] [INFO] Transformed [com.mojang.authlib.yggdrasil.YggdrasilMinecraftSessionService] with [Texture Whitelist Transformer]
[07:27:01] [Render thread/INFO]: Setting user: 165
[07:27:01] [Render thread/INFO]: Wrote 12780 byte class file net.minecraft.client.settings.KeyBinding to C:\Users\hdlhdh\AppData\Local\Temp\classDump6380543733692286588\net.minecraft.client.settings.KeyBinding.class
[07:27:01] [Render thread/INFO]: Wrote 34517 byte class file net.minecraft.client.GameSettings to C:\Users\hdlhdh\AppData\Local\Temp\classDump6380543733692286588\net.minecraft.client.GameSettings.class
[07:27:01] [Render thread/INFO]: Wrote 1449 byte class file net.minecraft.client.settings.ToggleableKeyBinding to C:\Users\hdlhdh\AppData\Local\Temp\classDump6380543733692286588\net.minecraft.client.settings.ToggleableKeyBinding.class
[07:27:01] [Render thread/INFO]: Wrote 9341 byte class file net.minecraft.client.gui.widget.Widget to C:\Users\hdlhdh\AppData\Local\Temp\classDump6380543733692286588\net.minecraft.client.gui.widget.Widget.class
[07:27:01] [Render thread/INFO]: Backend library: LWJGL version 3.2.2 build 10
[07:27:02] [Render thread/INFO]: Wrote 20930 byte class file net.minecraft.client.MainWindow to C:\Users\hdlhdh\AppData\Local\Temp\classDump6380543733692286588\net.minecraft.client.MainWindow.class
[07:27:02] [Render thread/INFO]: Wrote 742 byte class file net.minecraft.client.MainWindow$GlException to C:\Users\hdlhdh\AppData\Local\Temp\classDump6380543733692286588\net.minecraft.client.MainWindow$GlException.class
[07:27:02] [Render thread/INFO]: Wrote 485 byte class file net.minecraft.client.ClientBrandRetriever to C:\Users\hdlhdh\AppData\Local\Temp\classDump6380543733692286588\net.minecraft.client.ClientBrandRetriever.class
[07:27:02] [Render thread/INFO]: Wrote 14715 byte class file net.minecraft.client.MouseHelper to C:\Users\hdlhdh\AppData\Local\Temp\classDump6380543733692286588\net.minecraft.client.MouseHelper.class
[07:27:02] [Render thread/INFO]: Wrote 24554 byte class file net.minecraft.client.KeyboardListener to C:\Users\hdlhdh\AppData\Local\Temp\classDump6380543733692286588\net.minecraft.client.KeyboardListener.class
[07:27:02] [Render thread/INFO]: Wrote 43597 byte class file com.mojang.blaze3d.platform.GlStateManager to C:\Users\hdlhdh\AppData\Local\Temp\classDump6380543733692286588\com.mojang.blaze3d.platform.GlStateManager.class
[07:27:02] [Render thread/INFO]: Wrote 1083 byte class file com.mojang.blaze3d.platform.GlStateManager$AlphaState to C:\Users\hdlhdh\AppData\Local\Temp\classDump6380543733692286588\com.mojang.blaze3d.platform.GlStateManager$AlphaState.class
[07:27:02] [Render thread/INFO]: Wrote 1666 byte class file com.mojang.blaze3d.platform.GlStateManager$BooleanState to C:\Users\hdlhdh\AppData\Local\Temp\classDump6380543733692286588\com.mojang.blaze3d.platform.GlStateManager$BooleanState.class
[07:27:02] [Render thread/INFO]: Wrote 1099 byte class file com.mojang.blaze3d.platform.GlStateManager$ColorMaterialState to C:\Users\hdlhdh\AppData\Local\Temp\classDump6380543733692286588\com.mojang.blaze3d.platform.GlStateManager$ColorMaterialState.class
[07:27:02] [Render thread/INFO]: Wrote 1075 byte class file com.mojang.blaze3d.platform.GlStateManager$BlendState to C:\Users\hdlhdh\AppData\Local\Temp\classDump6380543733692286588\com.mojang.blaze3d.platform.GlStateManager$BlendState.class
[07:27:02] [Render thread/INFO]: Wrote 993 byte class file com.mojang.blaze3d.platform.GlStateManager$DepthState to C:\Users\hdlhdh\AppData\Local\Temp\classDump6380543733692286588\com.mojang.blaze3d.platform.GlStateManager$DepthState.class
[07:27:02] [Render thread/INFO]: Wrote 1140 byte class file com.mojang.blaze3d.platform.GlStateManager$FogState to C:\Users\hdlhdh\AppData\Local\Temp\classDump6380543733692286588\com.mojang.blaze3d.platform.GlStateManager$FogState.class
[07:27:02] [Render thread/INFO]: Wrote 942 byte class file com.mojang.blaze3d.platform.GlStateManager$CullState to C:\Users\hdlhdh\AppData\Local\Temp\classDump6380543733692286588\com.mojang.blaze3d.platform.GlStateManager$CullState.class
[07:27:02] [Render thread/INFO]: Wrote 1030 byte class file com.mojang.blaze3d.platform.GlStateManager$PolygonOffsetState to C:\Users\hdlhdh\AppData\Local\Temp\classDump6380543733692286588\com.mojang.blaze3d.platform.GlStateManager$PolygonOffsetState.class
[07:27:02] [Render thread/INFO]: Wrote 960 byte class file com.mojang.blaze3d.platform.GlStateManager$ColorLogicState to C:\Users\hdlhdh\AppData\Local\Temp\classDump6380543733692286588\com.mojang.blaze3d.platform.GlStateManager$ColorLogicState.class
[07:27:02] [Render thread/INFO]: Wrote 1151 byte class file com.mojang.blaze3d.platform.GlStateManager$TexGenState to C:\Users\hdlhdh\AppData\Local\Temp\classDump6380543733692286588\com.mojang.blaze3d.platform.GlStateManager$TexGenState.class
[07:27:02] [Render thread/INFO]: Wrote 888 byte class file com.mojang.blaze3d.platform.GlStateManager$TexGenCoord to C:\Users\hdlhdh\AppData\Local\Temp\classDump6380543733692286588\com.mojang.blaze3d.platform.GlStateManager$TexGenCoord.class
[07:27:02] [Render thread/INFO]: Wrote 1075 byte class file com.mojang.blaze3d.platform.GlStateManager$StencilState to C:\Users\hdlhdh\AppData\Local\Temp\classDump6380543733692286588\com.mojang.blaze3d.platform.GlStateManager$StencilState.class
[07:27:03] [Render thread/INFO]: Wrote 803 byte class file com.mojang.blaze3d.platform.GlStateManager$StencilFunc to C:\Users\hdlhdh\AppData\Local\Temp\classDump6380543733692286588\com.mojang.blaze3d.platform.GlStateManager$StencilFunc.class
[07:27:03] [Render thread/INFO]: Wrote 901 byte class file com.mojang.blaze3d.platform.GlStateManager$ScissorState to C:\Users\hdlhdh\AppData\Local\Temp\classDump6380543733692286588\com.mojang.blaze3d.platform.GlStateManager$ScissorState.class
[07:27:03] [Render thread/INFO]: Wrote 930 byte class file com.mojang.blaze3d.platform.GlStateManager$TextureState to C:\Users\hdlhdh\AppData\Local\Temp\classDump6380543733692286588\com.mojang.blaze3d.platform.GlStateManager$TextureState.class
[07:27:03] [Render thread/INFO]: Wrote 858 byte class file com.mojang.blaze3d.platform.GlStateManager$ColorMask to C:\Users\hdlhdh\AppData\Local\Temp\classDump6380543733692286588\com.mojang.blaze3d.platform.GlStateManager$ColorMask.class
[07:27:03] [Render thread/INFO]: Wrote 912 byte class file com.mojang.blaze3d.platform.GlStateManager$Color to C:\Users\hdlhdh\AppData\Local\Temp\classDump6380543733692286588\com.mojang.blaze3d.platform.GlStateManager$Color.class
[07:27:03] [Render thread/INFO]: Wrote 1284 byte class file com.mojang.blaze3d.platform.GlStateManager$SupportType to C:\Users\hdlhdh\AppData\Local\Temp\classDump6380543733692286588\com.mojang.blaze3d.platform.GlStateManager$SupportType.class
[07:27:03] [Render thread/INFO]: Wrote 1346 byte class file com.mojang.blaze3d.platform.GlStateManager$FramebufferExtension to C:\Users\hdlhdh\AppData\Local\Temp\classDump6380543733692286588\com.mojang.blaze3d.platform.GlStateManager$FramebufferExtension.class
[07:27:03] [Render thread/INFO]: Wrote 10901 byte class file net.minecraft.client.shader.Framebuffer to C:\Users\hdlhdh\AppData\Local\Temp\classDump6380543733692286588\net.minecraft.client.shader.Framebuffer.class
[07:27:03] [Render thread/INFO]: Wrote 1373 byte class file com.mojang.blaze3d.platform.GlStateManager$TexGen to C:\Users\hdlhdh\AppData\Local\Temp\classDump6380543733692286588\com.mojang.blaze3d.platform.GlStateManager$TexGen.class
[07:27:03] [Render thread/INFO]: Wrote 1270 byte class file com.mojang.blaze3d.platform.GlStateManager$Viewport to C:\Users\hdlhdh\AppData\Local\Temp\classDump6380543733692286588\com.mojang.blaze3d.platform.GlStateManager$Viewport.class
[07:27:03] [Render thread/INFO]: Wrote 20792 byte class file net.minecraftforge.fml.client.ClientModLoader to C:\Users\hdlhdh\AppData\Local\Temp\classDump6380543733692286588\net.minecraftforge.fml.client.ClientModLoader.class
[07:27:03] [Render thread/INFO]: Wrote 4298 byte class file net.minecraftforge.fml.network.NetworkEvent to C:\Users\hdlhdh\AppData\Local\Temp\classDump6380543733692286588\net.minecraftforge.fml.network.NetworkEvent.class
[07:27:03] [Render thread/INFO]: Wrote 2088 byte class file net.minecraftforge.fml.network.NetworkEvent$GatherLoginPayloadsEvent to C:\Users\hdlhdh\AppData\Local\Temp\classDump6380543733692286588\net.minecraftforge.fml.network.NetworkEvent$GatherLoginPayloadsEvent.class
[07:27:03] [Render thread/INFO]: Wrote 1759 byte class file net.minecraftforge.fml.network.NetworkEvent$LoginPayloadEvent to C:\Users\hdlhdh\AppData\Local\Temp\classDump6380543733692286588\net.minecraftforge.fml.network.NetworkEvent$LoginPayloadEvent.class
[07:27:04] [Render thread/INFO]: Wrote 1854 byte class file net.minecraftforge.fml.network.NetworkEvent$ClientCustomPayloadEvent to C:\Users\hdlhdh\AppData\Local\Temp\classDump6380543733692286588\net.minecraftforge.fml.network.NetworkEvent$ClientCustomPayloadEvent.class
[07:27:04] [Render thread/INFO]: Wrote 1854 byte class file net.minecraftforge.fml.network.NetworkEvent$ServerCustomPayloadEvent to C:\Users\hdlhdh\AppData\Local\Temp\classDump6380543733692286588\net.minecraftforge.fml.network.NetworkEvent$ServerCustomPayloadEvent.class
[07:27:04] [Render thread/INFO]: Wrote 1790 byte class file net.minecraftforge.fml.network.NetworkEvent$ClientCustomPayloadLoginEvent to C:\Users\hdlhdh\AppData\Local\Temp\classDump6380543733692286588\net.minecraftforge.fml.network.NetworkEvent$ClientCustomPayloadLoginEvent.class
[07:27:04] [Render thread/INFO]: Wrote 1790 byte class file net.minecraftforge.fml.network.NetworkEvent$ServerCustomPayloadLoginEvent to C:\Users\hdlhdh\AppData\Local\Temp\classDump6380543733692286588\net.minecraftforge.fml.network.NetworkEvent$ServerCustomPayloadLoginEvent.class
[07:27:04] [Render thread/INFO]: Wrote 1340 byte class file net.minecraftforge.fml.config.ModConfig$ModConfigEvent to C:\Users\hdlhdh\AppData\Local\Temp\classDump6380543733692286588\net.minecraftforge.fml.config.ModConfig$ModConfigEvent.class
[07:27:04] [Render thread/INFO]: Wrote 1167 byte class file net.minecraftforge.fml.config.ModConfig$Loading to C:\Users\hdlhdh\AppData\Local\Temp\classDump6380543733692286588\net.minecraftforge.fml.config.ModConfig$Loading.class
[07:27:04] [Render thread/INFO]: Wrote 1173 byte class file net.minecraftforge.fml.config.ModConfig$Reloading to C:\Users\hdlhdh\AppData\Local\Temp\classDump6380543733692286588\net.minecraftforge.fml.config.ModConfig$Reloading.class
[07:27:04] [Render thread/INFO]: Wrote 1121 byte class file net.minecraftforge.event.TagsUpdatedEvent$CustomTagTypes to C:\Users\hdlhdh\AppData\Local\Temp\classDump6380543733692286588\net.minecraftforge.event.TagsUpdatedEvent$CustomTagTypes.class
[07:27:04] [Render thread/INFO]: Wrote 2248 byte class file com.mojang.blaze3d.platform.GlStateManager$SourceFactor to C:\Users\hdlhdh\AppData\Local\Temp\classDump6380543733692286588\com.mojang.blaze3d.platform.GlStateManager$SourceFactor.class
[07:27:04] [Render thread/INFO]: Wrote 2164 byte class file com.mojang.blaze3d.platform.GlStateManager$DestFactor to C:\Users\hdlhdh\AppData\Local\Temp\classDump6380543733692286588\com.mojang.blaze3d.platform.GlStateManager$DestFactor.class
[07:27:04] [Render thread/INFO]: Wrote 4605 byte class file net.minecraftforge.fml.event.lifecycle.ParallelDispatchEvent to C:\Users\hdlhdh\AppData\Local\Temp\classDump6380543733692286588\net.minecraftforge.fml.event.lifecycle.ParallelDispatchEvent.class
[07:27:04] [Render thread/INFO]: Wrote 1092 byte class file net.minecraftforge.fml.event.lifecycle.FMLConstructModEvent to C:\Users\hdlhdh\AppData\Local\Temp\classDump6380543733692286588\net.minecraftforge.fml.event.lifecycle.FMLConstructModEvent.class
[07:27:04] [Render thread/INFO]: Wrote 1089 byte class file net.minecraftforge.fml.event.lifecycle.FMLCommonSetupEvent to C:\Users\hdlhdh\AppData\Local\Temp\classDump6380543733692286588\net.minecraftforge.fml.event.lifecycle.FMLCommonSetupEvent.class
[07:27:04] [Render thread/INFO]: Wrote 2030 byte class file net.minecraftforge.fml.event.lifecycle.FMLClientSetupEvent to C:\Users\hdlhdh\AppData\Local\Temp\classDump6380543733692286588\net.minecraftforge.fml.event.lifecycle.FMLClientSetupEvent.class
[07:27:04] [Render thread/INFO]: Wrote 1092 byte class file net.minecraftforge.fml.event.lifecycle.InterModEnqueueEvent to C:\Users\hdlhdh\AppData\Local\Temp\classDump6380543733692286588\net.minecraftforge.fml.event.lifecycle.InterModEnqueueEvent.class
[07:27:04] [Render thread/INFO]: Wrote 1092 byte class file net.minecraftforge.fml.event.lifecycle.InterModProcessEvent to C:\Users\hdlhdh\AppData\Local\Temp\classDump6380543733692286588\net.minecraftforge.fml.event.lifecycle.InterModProcessEvent.class
[07:27:04] [Render thread/INFO]: Wrote 1092 byte class file net.minecraftforge.fml.event.lifecycle.FMLLoadCompleteEvent to C:\Users\hdlhdh\AppData\Local\Temp\classDump6380543733692286588\net.minecraftforge.fml.event.lifecycle.FMLLoadCompleteEvent.class
[07:27:04] [Render thread/INFO]: Wrote 13389 byte class file net.minecraft.data.TagsProvider to C:\Users\hdlhdh\AppData\Local\Temp\classDump6380543733692286588\net.minecraft.data.TagsProvider.class
[07:27:04] [modloading-worker-0/INFO]: Forge mod loading, version 36.2.42, for MC 1.16.5 with MCP 20210115.111550
[07:27:04] [modloading-worker-0/INFO]: MinecraftForge v36.2.42 Initialized
[07:27:04] [modloading-worker-0/INFO]: Wrote 2450 byte class file net.minecraftforge.event.RegistryEvent$Register to C:\Users\hdlhdh\AppData\Local\Temp\classDump6380543733692286588\net.minecraftforge.event.RegistryEvent$Register.class
[07:27:04] [modloading-worker-0/INFO]: Wrote 1194 byte class file net.minecraftforge.fml.event.server.ServerLifecycleEvent to C:\Users\hdlhdh\AppData\Local\Temp\classDump6380543733692286588\net.minecraftforge.fml.event.server.ServerLifecycleEvent.class
[07:27:04] [modloading-worker-0/INFO]: Wrote 1087 byte class file net.minecraftforge.fml.event.server.FMLServerStartingEvent to C:\Users\hdlhdh\AppData\Local\Temp\classDump6380543733692286588\net.minecraftforge.fml.event.server.FMLServerStartingEvent.class
[07:27:04] [modloading-worker-0/INFO]: Wrote 79631 byte class file net.minecraft.server.MinecraftServer to C:\Users\hdlhdh\AppData\Local\Temp\classDump6380543733692286588\net.minecraft.server.MinecraftServer.class
[07:27:04] [modloading-worker-0/INFO]: Wrote 2754 byte class file net.minecraftforge.fml.event.lifecycle.GatherDataEvent to C:\Users\hdlhdh\AppData\Local\Temp\classDump6380543733692286588\net.minecraftforge.fml.event.lifecycle.GatherDataEvent.class
[07:27:04] [modloading-worker-0/INFO]: Wrote 1087 byte class file net.minecraftforge.fml.event.server.FMLServerStoppingEvent to C:\Users\hdlhdh\AppData\Local\Temp\classDump6380543733692286588\net.minecraftforge.fml.event.server.FMLServerStoppingEvent.class
[07:27:04] [modloading-worker-0/INFO]: Wrote 1049 byte class file net.minecraftforge.event.world.WorldEvent$Load to C:\Users\hdlhdh\AppData\Local\Temp\classDump6380543733692286588\net.minecraftforge.event.world.WorldEvent$Load.class
[07:27:04] [modloading-worker-0/INFO]: Wrote 2186 byte class file net.minecraftforge.event.village.VillagerTradesEvent to C:\Users\hdlhdh\AppData\Local\Temp\classDump6380543733692286588\net.minecraftforge.event.village.VillagerTradesEvent.class
[07:27:04] [modloading-worker-0/INFO]: Wrote 1868 byte class file net.minecraftforge.event.village.WandererTradesEvent to C:\Users\hdlhdh\AppData\Local\Temp\classDump6380543733692286588\net.minecraftforge.event.village.WandererTradesEvent.class
[07:27:04] [modloading-worker-0/INFO]: Wrote 1099 byte class file net.minecraftforge.fml.event.server.FMLServerAboutToStartEvent to C:\Users\hdlhdh\AppData\Local\Temp\classDump6380543733692286588\net.minecraftforge.fml.event.server.FMLServerAboutToStartEvent.class
[07:27:04] [modloading-worker-0/INFO]: Wrote 1831 byte class file net.minecraftforge.event.TickEvent to C:\Users\hdlhdh\AppData\Local\Temp\classDump6380543733692286588\net.minecraftforge.event.TickEvent.class
[07:27:05] [modloading-worker-0/INFO]: Wrote 1497 byte class file net.minecraftforge.event.TickEvent$ServerTickEvent to C:\Users\hdlhdh\AppData\Local\Temp\classDump6380543733692286588\net.minecraftforge.event.TickEvent$ServerTickEvent.class
[07:27:05] [modloading-worker-0/INFO]: Wrote 1497 byte class file net.minecraftforge.event.TickEvent$ClientTickEvent to C:\Users\hdlhdh\AppData\Local\Temp\classDump6380543733692286588\net.minecraftforge.event.TickEvent$ClientTickEvent.class
[07:27:05] [modloading-worker-0/INFO]: Wrote 1155 byte class file net.minecraftforge.event.entity.player.PlayerEvent$PlayerLoggedInEvent to C:\Users\hdlhdh\AppData\Local\Temp\classDump6380543733692286588\net.minecraftforge.event.entity.player.PlayerEvent$PlayerLoggedInEvent.class
[07:27:05] [modloading-worker-0/INFO]: Wrote 1654 byte class file net.minecraftforge.event.world.ChunkEvent to C:\Users\hdlhdh\AppData\Local\Temp\classDump6380543733692286588\net.minecraftforge.event.world.ChunkEvent.class
[07:27:05] [modloading-worker-0/INFO]: Wrote 1071 byte class file net.minecraftforge.event.world.ChunkEvent$Unload to C:\Users\hdlhdh\AppData\Local\Temp\classDump6380543733692286588\net.minecraftforge.event.world.ChunkEvent$Unload.class
[07:27:05] [modloading-worker-0/INFO]: Wrote 1985 byte class file net.minecraftforge.event.RegisterCommandsEvent to C:\Users\hdlhdh\AppData\Local\Temp\classDump6380543733692286588\net.minecraftforge.event.RegisterCommandsEvent.class
[07:27:05] [modloading-worker-0/INFO]: Wrote 2305 byte class file net.minecraftforge.event.AddReloadListenerEvent to C:\Users\hdlhdh\AppData\Local\Temp\classDump6380543733692286588\net.minecraftforge.event.AddReloadListenerEvent.class
[07:27:05] [modloading-worker-0/INFO]: Wrote 2731 byte class file net.minecraftforge.common.ForgeSpawnEggItem$CommonHandler to C:\Users\hdlhdh\AppData\Local\Temp\classDump6380543733692286588\net.minecraftforge.common.ForgeSpawnEggItem$CommonHandler.class
[07:27:05] [modloading-worker-0/INFO]: Wrote 3190 byte class file net.minecraftforge.common.ForgeSpawnEggItem$ColorRegisterHandler to C:\Users\hdlhdh\AppData\Local\Temp\classDump6380543733692286588\net.minecraftforge.common.ForgeSpawnEggItem$ColorRegisterHandler.class
[07:27:05] [modloading-worker-0/INFO]: Wrote 7420 byte class file net.minecraft.client.renderer.color.ItemColors to C:\Users\hdlhdh\AppData\Local\Temp\classDump6380543733692286588\net.minecraft.client.renderer.color.ItemColors.class
[07:27:05] [modloading-worker-0/INFO]: Wrote 9686 byte class file net.minecraft.client.renderer.color.BlockColors to C:\Users\hdlhdh\AppData\Local\Temp\classDump6380543733692286588\net.minecraft.client.renderer.color.BlockColors.class
[07:27:05] [Render thread/INFO]: Wrote 1294 byte class file net.minecraftforge.event.RegistryEvent$NewRegistry to C:\Users\hdlhdh\AppData\Local\Temp\classDump6380543733692286588\net.minecraftforge.event.RegistryEvent$NewRegistry.class
[07:27:05] [Render thread/INFO]: Wrote 1192 byte class file net.minecraftforge.common.crafting.ConditionalRecipe to C:\Users\hdlhdh\AppData\Local\Temp\classDump6380543733692286588\net.minecraftforge.common.crafting.ConditionalRecipe.class
[07:27:05] [Render thread/INFO]: HELLO from Register Block
[07:27:06] [Render thread/INFO]: Wrote 1539 byte class file net.minecraftforge.event.entity.player.PlayerXpEvent$XpChange to C:\Users\hdlhdh\AppData\Local\Temp\classDump6380543733692286588\net.minecraftforge.event.entity.player.PlayerXpEvent$XpChange.class
[07:27:06] [Render thread/INFO]: Wrote 1548 byte class file net.minecraftforge.event.entity.player.PlayerXpEvent$LevelChange to C:\Users\hdlhdh\AppData\Local\Temp\classDump6380543733692286588\net.minecraftforge.event.entity.player.PlayerXpEvent$LevelChange.class
[07:27:06] [Render thread/INFO]: Wrote 957 byte class file net.minecraftforge.client.event.ModelRegistryEvent to C:\Users\hdlhdh\AppData\Local\Temp\classDump6380543733692286588\net.minecraftforge.client.event.ModelRegistryEvent.class
[07:27:06] [Render thread/INFO]: Wrote 1919 byte class file net.minecraft.client.renderer.model.ItemCameraTransforms$TransformType to C:\Users\hdlhdh\AppData\Local\Temp\classDump6380543733692286588\net.minecraft.client.renderer.model.ItemCameraTransforms$TransformType.class
[07:27:06] [Render thread/INFO]: Wrote 620 byte class file net.minecraft.client.renderer.model.IModelTransform to C:\Users\hdlhdh\AppData\Local\Temp\classDump6380543733692286588\net.minecraft.client.renderer.model.IModelTransform.class
[07:27:06] [Render thread/INFO]: Wrote 1370 byte class file net.minecraft.client.renderer.model.IBakedModel to C:\Users\hdlhdh\AppData\Local\Temp\classDump6380543733692286588\net.minecraft.client.renderer.model.IBakedModel.class
[07:27:06] [Render thread/INFO]: Wrote 11461 byte class file net.minecraft.client.renderer.model.ItemModelGenerator to C:\Users\hdlhdh\AppData\Local\Temp\classDump6380543733692286588\net.minecraft.client.renderer.model.ItemModelGenerator.class
[07:27:06] [Render thread/INFO]: Wrote 19969 byte class file net.minecraft.client.renderer.RenderType to C:\Users\hdlhdh\AppData\Local\Temp\classDump6380543733692286588\net.minecraft.client.renderer.RenderType.class
[07:27:06] [Render thread/INFO]: Wrote 14963 byte class file net.minecraft.client.renderer.RenderState to C:\Users\hdlhdh\AppData\Local\Temp\classDump6380543733692286588\net.minecraft.client.renderer.RenderState.class
[07:27:06] [Render thread/INFO]: Wrote 7159 byte class file net.minecraft.client.renderer.RenderType$Type to C:\Users\hdlhdh\AppData\Local\Temp\classDump6380543733692286588\net.minecraft.client.renderer.RenderType$Type.class
[07:27:06] [Render thread/INFO]: Wrote 3774 byte class file net.minecraft.client.renderer.RenderState$TextureState to C:\Users\hdlhdh\AppData\Local\Temp\classDump6380543733692286588\net.minecraft.client.renderer.RenderState$TextureState.class
[07:27:06] [Render thread/INFO]: Wrote 20805 byte class file net.minecraft.client.renderer.texture.AtlasTexture to C:\Users\hdlhdh\AppData\Local\Temp\classDump6380543733692286588\net.minecraft.client.renderer.texture.AtlasTexture.class
[07:27:06] [Render thread/INFO]: Wrote 3789 byte class file net.minecraft.client.renderer.texture.Texture to C:\Users\hdlhdh\AppData\Local\Temp\classDump6380543733692286588\net.minecraft.client.renderer.texture.Texture.class
[07:27:06] [Render thread/INFO]: Wrote 3711 byte class file net.minecraft.client.renderer.vertex.VertexFormatElement to C:\Users\hdlhdh\AppData\Local\Temp\classDump6380543733692286588\net.minecraft.client.renderer.vertex.VertexFormatElement.class
[07:27:06] [Render thread/INFO]: Wrote 2240 byte class file net.minecraft.client.renderer.vertex.VertexFormatElement$Type to C:\Users\hdlhdh\AppData\Local\Temp\classDump6380543733692286588\net.minecraft.client.renderer.vertex.VertexFormatElement$Type.class
[07:27:06] [Render thread/INFO]: Wrote 6161 byte class file net.minecraft.client.renderer.vertex.VertexFormatElement$Usage to C:\Users\hdlhdh\AppData\Local\Temp\classDump6380543733692286588\net.minecraft.client.renderer.vertex.VertexFormatElement$Usage.class
[07:27:06] [Render thread/INFO]: Wrote 403 byte class file net.minecraft.client.renderer.vertex.VertexFormatElement$Usage$ISetupState to C:\Users\hdlhdh\AppData\Local\Temp\classDump6380543733692286588\net.minecraft.client.renderer.vertex.VertexFormatElement$Usage$ISetupState.class
[07:27:06] [Render thread/INFO]: Wrote 6579 byte class file net.minecraft.client.renderer.vertex.VertexFormat to C:\Users\hdlhdh\AppData\Local\Temp\classDump6380543733692286588\net.minecraft.client.renderer.vertex.VertexFormat.class
[07:27:06] [Render thread/INFO]: Wrote 8707 byte class file net.minecraft.client.renderer.RenderType$State to C:\Users\hdlhdh\AppData\Local\Temp\classDump6380543733692286588\net.minecraft.client.renderer.RenderType$State.class
[07:27:06] [Render thread/INFO]: Wrote 9096 byte class file net.minecraft.client.renderer.RenderType$State$Builder to C:\Users\hdlhdh\AppData\Local\Temp\classDump6380543733692286588\net.minecraft.client.renderer.RenderType$State$Builder.class
[07:27:06] [Render thread/INFO]: Wrote 1585 byte class file net.minecraft.client.renderer.RenderType$OutlineState to C:\Users\hdlhdh\AppData\Local\Temp\classDump6380543733692286588\net.minecraft.client.renderer.RenderType$OutlineState.class
[07:27:06] [Render thread/INFO]: Wrote 2586 byte class file net.minecraft.client.renderer.RenderType$Type$EqualityStrategy to C:\Users\hdlhdh\AppData\Local\Temp\classDump6380543733692286588\net.minecraft.client.renderer.RenderType$Type$EqualityStrategy.class
[07:27:07] [Render thread/INFO]: Wrote 25561 byte class file net.minecraft.client.renderer.ItemRenderer to C:\Users\hdlhdh\AppData\Local\Temp\classDump6380543733692286588\net.minecraft.client.renderer.ItemRenderer.class
[07:27:07] [Render thread/INFO]: Wrote 5496 byte class file net.minecraft.client.renderer.ItemModelMesher to C:\Users\hdlhdh\AppData\Local\Temp\classDump6380543733692286588\net.minecraft.client.renderer.ItemModelMesher.class
[07:27:07] [Render thread/INFO]: Wrote 6483 byte class file net.minecraft.client.resources.LanguageManager to C:\Users\hdlhdh\AppData\Local\Temp\classDump6380543733692286588\net.minecraft.client.resources.LanguageManager.class
[07:27:07] [Render thread/INFO]: Wrote 6280 byte class file net.minecraft.client.resources.ClientLanguageMap to C:\Users\hdlhdh\AppData\Local\Temp\classDump6380543733692286588\net.minecraft.client.resources.ClientLanguageMap.class
[07:27:07] [Render thread/INFO]: Wrote 2476 byte class file net.minecraft.client.resources.Language to C:\Users\hdlhdh\AppData\Local\Temp\classDump6380543733692286588\net.minecraft.client.resources.Language.class
[07:27:07] [Render thread/INFO]: Wrote 13957 byte class file net.minecraft.client.renderer.texture.TextureManager to C:\Users\hdlhdh\AppData\Local\Temp\classDump6380543733692286588\net.minecraft.client.renderer.texture.TextureManager.class
[07:27:07] [Render thread/INFO]: Wrote 12843 byte class file net.minecraft.client.audio.SoundHandler to C:\Users\hdlhdh\AppData\Local\Temp\classDump6380543733692286588\net.minecraft.client.audio.SoundHandler.class
[07:27:07] [Render thread/INFO]: Wrote 25279 byte class file net.minecraft.client.audio.SoundEngine to C:\Users\hdlhdh\AppData\Local\Temp\classDump6380543733692286588\net.minecraft.client.audio.SoundEngine.class
[07:27:07] [Render thread/INFO]: Wrote 1123 byte class file net.minecraftforge.client.event.sound.SoundLoadEvent to C:\Users\hdlhdh\AppData\Local\Temp\classDump6380543733692286588\net.minecraftforge.client.event.sound.SoundLoadEvent.class
[07:27:07] [Render thread/INFO]: Wrote 1990 byte class file net.minecraftforge.client.event.sound.SoundEvent$SoundSourceEvent to C:\Users\hdlhdh\AppData\Local\Temp\classDump6380543733692286588\net.minecraftforge.client.event.sound.SoundEvent$SoundSourceEvent.class
[07:27:07] [Render thread/INFO]: Wrote 1410 byte class file net.minecraftforge.client.event.sound.PlayStreamingSourceEvent to C:\Users\hdlhdh\AppData\Local\Temp\classDump6380543733692286588\net.minecraftforge.client.event.sound.PlayStreamingSourceEvent.class
[07:27:07] [Render thread/INFO]: Wrote 1398 byte class file net.minecraftforge.client.event.sound.PlaySoundSourceEvent to C:\Users\hdlhdh\AppData\Local\Temp\classDump6380543733692286588\net.minecraftforge.client.event.sound.PlaySoundSourceEvent.class
[07:27:07] [Render thread/INFO]: Wrote 1912 byte class file net.minecraft.client.audio.ISound to C:\Users\hdlhdh\AppData\Local\Temp\classDump6380543733692286588\net.minecraft.client.audio.ISound.class
[07:27:07] [Render thread/INFO]: Wrote 21459 byte class file net.minecraft.client.renderer.texture.NativeImage to C:\Users\hdlhdh\AppData\Local\Temp\classDump6380543733692286588\net.minecraft.client.renderer.texture.NativeImage.class
[07:27:08] [Render thread/INFO]: Wrote 4512 byte class file net.minecraft.client.renderer.texture.NativeImage$PixelFormat to C:\Users\hdlhdh\AppData\Local\Temp\classDump6380543733692286588\net.minecraft.client.renderer.texture.NativeImage$PixelFormat.class
[07:27:08] [Render thread/INFO]: Wrote 1711 byte class file net.minecraft.client.renderer.texture.NativeImage$PixelFormatGLCode to C:\Users\hdlhdh\AppData\Local\Temp\classDump6380543733692286588\net.minecraft.client.renderer.texture.NativeImage$PixelFormatGLCode.class
[07:27:08] [Render thread/INFO]: Wrote 2342 byte class file net.minecraft.client.resources.GrassColorReloadListener to C:\Users\hdlhdh\AppData\Local\Temp\classDump6380543733692286588\net.minecraft.client.resources.GrassColorReloadListener.class
[07:27:08] [Render thread/INFO]: Wrote 2354 byte class file net.minecraft.client.resources.FoliageColorReloadListener to C:\Users\hdlhdh\AppData\Local\Temp\classDump6380543733692286588\net.minecraft.client.resources.FoliageColorReloadListener.class
[07:27:08] [Render thread/INFO]: Wrote 6701 byte class file net.minecraft.client.renderer.model.ModelManager to C:\Users\hdlhdh\AppData\Local\Temp\classDump6380543733692286588\net.minecraft.client.renderer.model.ModelManager.class
[07:27:08] [Render thread/INFO]: Wrote 47576 byte class file net.minecraft.client.renderer.model.ModelBakery to C:\Users\hdlhdh\AppData\Local\Temp\classDump6380543733692286588\net.minecraft.client.renderer.model.ModelBakery.class
[07:27:08] [Render thread/INFO]: Wrote 7728 byte class file net.minecraft.client.renderer.BlockModelShapes to C:\Users\hdlhdh\AppData\Local\Temp\classDump6380543733692286588\net.minecraft.client.renderer.BlockModelShapes.class
[07:27:08] [Render thread/INFO]: Wrote 34049 byte class file net.minecraft.client.renderer.entity.EntityRendererManager to C:\Users\hdlhdh\AppData\Local\Temp\classDump6380543733692286588\net.minecraft.client.renderer.entity.EntityRendererManager.class
[07:27:08] [Render thread/INFO]: Wrote 9153 byte class file net.minecraft.client.renderer.entity.EntityRenderer to C:\Users\hdlhdh\AppData\Local\Temp\classDump6380543733692286588\net.minecraft.client.renderer.entity.EntityRenderer.class
[07:27:08] [Render thread/INFO]: Wrote 16254 byte class file net.minecraft.client.renderer.entity.PlayerRenderer to C:\Users\hdlhdh\AppData\Local\Temp\classDump6380543733692286588\net.minecraft.client.renderer.entity.PlayerRenderer.class
[07:27:08] [Render thread/INFO]: Wrote 15054 byte class file net.minecraft.client.renderer.entity.LivingRenderer to C:\Users\hdlhdh\AppData\Local\Temp\classDump6380543733692286588\net.minecraft.client.renderer.entity.LivingRenderer.class
[07:27:08] [Render thread/INFO]: Wrote 5258 byte class file net.minecraft.client.renderer.entity.FallingBlockRenderer to C:\Users\hdlhdh\AppData\Local\Temp\classDump6380543733692286588\net.minecraft.client.renderer.entity.FallingBlockRenderer.class
[07:27:08] [Render thread/INFO]: Wrote 8617 byte class file net.minecraft.client.renderer.entity.FishRenderer to C:\Users\hdlhdh\AppData\Local\Temp\classDump6380543733692286588\net.minecraft.client.renderer.entity.FishRenderer.class
[07:27:08] [Render thread/INFO]: Wrote 6653 byte class file net.minecraft.client.renderer.entity.ItemRenderer to C:\Users\hdlhdh\AppData\Local\Temp\classDump6380543733692286588\net.minecraft.client.renderer.entity.ItemRenderer.class
[07:27:08] [Render thread/INFO]: Wrote 10096 byte class file net.minecraft.client.renderer.entity.ItemFrameRenderer to C:\Users\hdlhdh\AppData\Local\Temp\classDump6380543733692286588\net.minecraft.client.renderer.entity.ItemFrameRenderer.class
[07:27:08] [Render thread/INFO]: Wrote 3464 byte class file net.minecraftforge.client.event.RenderNameplateEvent to C:\Users\hdlhdh\AppData\Local\Temp\classDump6380543733692286588\net.minecraftforge.client.event.RenderNameplateEvent.class
[07:27:08] [Render thread/INFO]: Wrote 3175 byte class file net.minecraftforge.client.event.RenderLivingEvent to C:\Users\hdlhdh\AppData\Local\Temp\classDump6380543733692286588\net.minecraftforge.client.event.RenderLivingEvent.class
[07:27:08] [Render thread/INFO]: Wrote 2221 byte class file net.minecraftforge.client.event.RenderLivingEvent$Pre to C:\Users\hdlhdh\AppData\Local\Temp\classDump6380543733692286588\net.minecraftforge.client.event.RenderLivingEvent$Pre.class
[07:27:08] [Render thread/INFO]: Wrote 2089 byte class file net.minecraftforge.client.event.RenderLivingEvent$Post to C:\Users\hdlhdh\AppData\Local\Temp\classDump6380543733692286588\net.minecraftforge.client.event.RenderLivingEvent$Post.class
[07:27:08] [Render thread/INFO]: Wrote 12746 byte class file net.minecraft.client.renderer.entity.layers.BipedArmorLayer to C:\Users\hdlhdh\AppData\Local\Temp\classDump6380543733692286588\net.minecraft.client.renderer.entity.layers.BipedArmorLayer.class
[07:27:08] [Render thread/INFO]: Wrote 5667 byte class file net.minecraft.client.renderer.entity.layers.ElytraLayer to C:\Users\hdlhdh\AppData\Local\Temp\classDump6380543733692286588\net.minecraft.client.renderer.entity.layers.ElytraLayer.class
[07:27:08] [Render thread/INFO]: Wrote 2629 byte class file net.minecraftforge.client.event.RenderItemInFrameEvent to C:\Users\hdlhdh\AppData\Local\Temp\classDump6380543733692286588\net.minecraftforge.client.event.RenderItemInFrameEvent.class
[07:27:08] [Render thread/INFO]: Wrote 10354 byte class file net.minecraft.client.renderer.Atlases to C:\Users\hdlhdh\AppData\Local\Temp\classDump6380543733692286588\net.minecraft.client.renderer.Atlases.class
[07:27:08] [Render thread/INFO]: Wrote 4780 byte class file net.minecraft.client.renderer.entity.model.SkeletonModel to C:\Users\hdlhdh\AppData\Local\Temp\classDump6380543733692286588\net.minecraft.client.renderer.entity.model.SkeletonModel.class
[07:27:09] [Render thread/INFO]: Wrote 2382 byte class file net.minecraftforge.client.event.RenderPlayerEvent to C:\Users\hdlhdh\AppData\Local\Temp\classDump6380543733692286588\net.minecraftforge.client.event.RenderPlayerEvent.class
[07:27:09] [Render thread/INFO]: Wrote 1649 byte class file net.minecraftforge.client.event.RenderPlayerEvent$Pre to C:\Users\hdlhdh\AppData\Local\Temp\classDump6380543733692286588\net.minecraftforge.client.event.RenderPlayerEvent$Pre.class
[07:27:09] [Render thread/INFO]: Wrote 1516 byte class file net.minecraftforge.client.event.RenderPlayerEvent$Post to C:\Users\hdlhdh\AppData\Local\Temp\classDump6380543733692286588\net.minecraftforge.client.event.RenderPlayerEvent$Post.class
[07:27:09] [Render thread/INFO]: Wrote 20476 byte class file net.minecraft.client.renderer.FirstPersonRenderer to C:\Users\hdlhdh\AppData\Local\Temp\classDump6380543733692286588\net.minecraft.client.renderer.FirstPersonRenderer.class
[07:27:09] [Render thread/INFO]: Wrote 584 byte class file net.minecraft.client.renderer.model.ModelBakery$BlockStateDefinitionException to C:\Users\hdlhdh\AppData\Local\Temp\classDump6380543733692286588\net.minecraft.client.renderer.model.ModelBakery$BlockStateDefinitionException.class
[07:27:09] [Render thread/INFO]: Wrote 1394 byte class file net.minecraft.client.renderer.model.IUnbakedModel to C:\Users\hdlhdh\AppData\Local\Temp\classDump6380543733692286588\net.minecraft.client.renderer.model.IUnbakedModel.class
[07:27:09] [Render thread/INFO]: Wrote 14363 byte class file net.minecraft.client.renderer.texture.TextureAtlasSprite to C:\Users\hdlhdh\AppData\Local\Temp\classDump6380543733692286588\net.minecraft.client.renderer.texture.TextureAtlasSprite.class
[07:27:09] [Render thread/INFO]: Wrote 1869 byte class file net.minecraft.client.renderer.texture.TextureAtlasSprite$Info to C:\Users\hdlhdh\AppData\Local\Temp\classDump6380543733692286588\net.minecraft.client.renderer.texture.TextureAtlasSprite$Info.class
[07:27:09] [Render thread/INFO]: Wrote 24872 byte class file net.minecraft.client.renderer.model.BlockModel to C:\Users\hdlhdh\AppData\Local\Temp\classDump6380543733692286588\net.minecraft.client.renderer.model.BlockModel.class
[07:27:09] [Render thread/INFO]: Wrote 15054 byte class file net.minecraft.client.renderer.model.FaceBakery to C:\Users\hdlhdh\AppData\Local\Temp\classDump6380543733692286588\net.minecraft.client.renderer.model.FaceBakery.class
[07:27:09] [Render thread/INFO]: Wrote 7910 byte class file net.minecraft.client.renderer.model.BlockModel$Deserializer to C:\Users\hdlhdh\AppData\Local\Temp\classDump6380543733692286588\net.minecraft.client.renderer.model.BlockModel$Deserializer.class
[07:27:09] [Render thread/INFO]: Wrote 3225 byte class file net.minecraft.client.renderer.model.BlockPart to C:\Users\hdlhdh\AppData\Local\Temp\classDump6380543733692286588\net.minecraft.client.renderer.model.BlockPart.class
[07:27:09] [Render thread/INFO]: Wrote 8324 byte class file net.minecraft.client.renderer.model.BlockPart$Deserializer to C:\Users\hdlhdh\AppData\Local\Temp\classDump6380543733692286588\net.minecraft.client.renderer.model.BlockPart$Deserializer.class
[07:27:09] [Render thread/INFO]: Wrote 2928 byte class file net.minecraft.client.renderer.model.BlockPartFace$Deserializer to C:\Users\hdlhdh\AppData\Local\Temp\classDump6380543733692286588\net.minecraft.client.renderer.model.BlockPartFace$Deserializer.class
[07:27:09] [Render thread/INFO]: Wrote 2996 byte class file net.minecraft.client.renderer.model.BlockFaceUV$Deserializer to C:\Users\hdlhdh\AppData\Local\Temp\classDump6380543733692286588\net.minecraft.client.renderer.model.BlockFaceUV$Deserializer.class
[07:27:09] [Render thread/INFO]: Wrote 2504 byte class file net.minecraft.client.renderer.model.ItemTransformVec3f to C:\Users\hdlhdh\AppData\Local\Temp\classDump6380543733692286588\net.minecraft.client.renderer.model.ItemTransformVec3f.class
[07:27:09] [Render thread/INFO]: Wrote 3553 byte class file net.minecraft.client.renderer.model.ItemTransformVec3f$Deserializer to C:\Users\hdlhdh\AppData\Local\Temp\classDump6380543733692286588\net.minecraft.client.renderer.model.ItemTransformVec3f$Deserializer.class
[07:27:09] [Render thread/INFO]: Wrote 3181 byte class file net.minecraft.client.renderer.model.ItemCameraTransforms to C:\Users\hdlhdh\AppData\Local\Temp\classDump6380543733692286588\net.minecraft.client.renderer.model.ItemCameraTransforms.class
[07:27:09] [Render thread/INFO]: Wrote 3400 byte class file net.minecraft.client.renderer.model.ItemCameraTransforms$Deserializer to C:\Users\hdlhdh\AppData\Local\Temp\classDump6380543733692286588\net.minecraft.client.renderer.model.ItemCameraTransforms$Deserializer.class
[07:27:09] [Render thread/INFO]: Wrote 3297 byte class file net.minecraft.client.renderer.model.ItemOverride$Deserializer to C:\Users\hdlhdh\AppData\Local\Temp\classDump6380543733692286588\net.minecraft.client.renderer.model.ItemOverride$Deserializer.class
[07:27:10] [Render thread/INFO]: Wrote 7611 byte class file net.minecraft.util.math.vector.TransformationMatrix to C:\Users\hdlhdh\AppData\Local\Temp\classDump6380543733692286588\net.minecraft.util.math.vector.TransformationMatrix.class
[07:27:10] [Render thread/INFO]: Wrote 2131 byte class file net.minecraft.client.renderer.model.BlockModel$GuiLight to C:\Users\hdlhdh\AppData\Local\Temp\classDump6380543733692286588\net.minecraft.client.renderer.model.BlockModel$GuiLight.class
[07:27:10] [Render thread/INFO]: Wrote 37866 byte class file net.minecraft.client.renderer.GameRenderer to C:\Users\hdlhdh\AppData\Local\Temp\classDump6380543733692286588\net.minecraft.client.renderer.GameRenderer.class
[07:27:10] [Render thread/INFO]: Wrote 8844 byte class file net.minecraft.client.renderer.ActiveRenderInfo to C:\Users\hdlhdh\AppData\Local\Temp\classDump6380543733692286588\net.minecraft.client.renderer.ActiveRenderInfo.class
[07:27:10] [Render thread/INFO]: Wrote 4448 byte class file net.minecraft.client.gui.MapItemRenderer to C:\Users\hdlhdh\AppData\Local\Temp\classDump6380543733692286588\net.minecraft.client.gui.MapItemRenderer.class
[07:27:10] [Render thread/INFO]: Wrote 7669 byte class file net.minecraft.client.renderer.LightTexture to C:\Users\hdlhdh\AppData\Local\Temp\classDump6380543733692286588\net.minecraft.client.renderer.LightTexture.class
[07:27:10] [Render thread/INFO]: Wrote 10511 byte class file net.minecraft.client.renderer.BlockRendererDispatcher to C:\Users\hdlhdh\AppData\Local\Temp\classDump6380543733692286588\net.minecraft.client.renderer.BlockRendererDispatcher.class
[07:27:10] [Render thread/INFO]: Wrote 20655 byte class file net.minecraft.client.renderer.BlockModelRenderer to C:\Users\hdlhdh\AppData\Local\Temp\classDump6380543733692286588\net.minecraft.client.renderer.BlockModelRenderer.class
[07:27:10] [Render thread/INFO]: Wrote 4320 byte class file net.minecraft.client.renderer.BlockModelRenderer$Cache to C:\Users\hdlhdh\AppData\Local\Temp\classDump6380543733692286588\net.minecraft.client.renderer.BlockModelRenderer$Cache.class
[07:27:10] [Render thread/INFO]: Wrote 15506 byte class file net.minecraft.client.renderer.FluidBlockRenderer to C:\Users\hdlhdh\AppData\Local\Temp\classDump6380543733692286588\net.minecraft.client.renderer.FluidBlockRenderer.class
[07:27:10] [Render thread/INFO]: Wrote 113530 byte class file net.minecraft.client.renderer.WorldRenderer to C:\Users\hdlhdh\AppData\Local\Temp\classDump6380543733692286588\net.minecraft.client.renderer.WorldRenderer.class
[07:27:10] [Render thread/INFO]: Wrote 604 byte class file net.minecraft.client.renderer.WorldRenderer$ShaderException to C:\Users\hdlhdh\AppData\Local\Temp\classDump6380543733692286588\net.minecraft.client.renderer.WorldRenderer$ShaderException.class
[07:27:10] [Render thread/INFO]: Wrote 1412 byte class file net.minecraft.client.renderer.BufferBuilder$DrawState to C:\Users\hdlhdh\AppData\Local\Temp\classDump6380543733692286588\net.minecraft.client.renderer.BufferBuilder$DrawState.class
[07:27:10] [Render thread/INFO]: Wrote 1452 byte class file net.minecraftforge.event.world.SleepFinishedTimeEvent to C:\Users\hdlhdh\AppData\Local\Temp\classDump6380543733692286588\net.minecraftforge.event.world.SleepFinishedTimeEvent.class
[07:27:10] [Render thread/INFO]: Wrote 1978 byte class file net.minecraftforge.event.entity.EntityMountEvent to C:\Users\hdlhdh\AppData\Local\Temp\classDump6380543733692286588\net.minecraftforge.event.entity.EntityMountEvent.class
[07:27:11] [Render thread/INFO]: Wrote 1472 byte class file net.minecraftforge.event.entity.living.LivingHealEvent to C:\Users\hdlhdh\AppData\Local\Temp\classDump6380543733692286588\net.minecraftforge.event.entity.living.LivingHealEvent.class
[07:27:11] [Render thread/INFO]: Wrote 1978 byte class file net.minecraftforge.event.entity.living.LivingExperienceDropEvent to C:\Users\hdlhdh\AppData\Local\Temp\classDump6380543733692286588\net.minecraftforge.event.entity.living.LivingExperienceDropEvent.class
[07:27:11] [Render thread/INFO]: Wrote 2512 byte class file net.minecraftforge.event.entity.living.LivingEntityUseItemEvent to C:\Users\hdlhdh\AppData\Local\Temp\classDump6380543733692286588\net.minecraftforge.event.entity.living.LivingEntityUseItemEvent.class
[07:27:11] [Render thread/INFO]: Wrote 1694 byte class file net.minecraftforge.event.entity.living.LivingEntityUseItemEvent$Tick to C:\Users\hdlhdh\AppData\Local\Temp\classDump6380543733692286588\net.minecraftforge.event.entity.living.LivingEntityUseItemEvent$Tick.class
[07:27:11] [Render thread/INFO]: Wrote 1697 byte class file net.minecraftforge.event.entity.living.LivingEntityUseItemEvent$Start to C:\Users\hdlhdh\AppData\Local\Temp\classDump6380543733692286588\net.minecraftforge.event.entity.living.LivingEntityUseItemEvent$Start.class
[07:27:11] [Render thread/INFO]: Wrote 1952 byte class file net.minecraftforge.event.entity.living.LivingEntityUseItemEvent$Finish to C:\Users\hdlhdh\AppData\Local\Temp\classDump6380543733692286588\net.minecraftforge.event.entity.living.LivingEntityUseItemEvent$Finish.class
[07:27:12] [Render thread/INFO]: Wrote 1694 byte class file net.minecraftforge.event.entity.living.LivingEntityUseItemEvent$Stop to C:\Users\hdlhdh\AppData\Local\Temp\classDump6380543733692286588\net.minecraftforge.event.entity.living.LivingEntityUseItemEvent$Stop.class
[07:27:12] [Render thread/INFO]: Wrote 1532 byte class file net.minecraftforge.event.world.ExplosionEvent to C:\Users\hdlhdh\AppData\Local\Temp\classDump6380543733692286588\net.minecraftforge.event.world.ExplosionEvent.class
[07:27:12] [Render thread/INFO]: Wrote 1294 byte class file net.minecraftforge.event.world.ExplosionEvent$Start to C:\Users\hdlhdh\AppData\Local\Temp\classDump6380543733692286588\net.minecraftforge.event.world.ExplosionEvent$Start.class
[07:27:12] [Render thread/INFO]: Wrote 3150 byte class file net.minecraftforge.event.world.BlockEvent$EntityPlaceEvent to C:\Users\hdlhdh\AppData\Local\Temp\classDump6380543733692286588\net.minecraftforge.event.world.BlockEvent$EntityPlaceEvent.class
[07:27:12] [Render thread/INFO]: Wrote 2895 byte class file net.minecraftforge.event.world.BlockEvent$EntityMultiPlaceEvent to C:\Users\hdlhdh\AppData\Local\Temp\classDump6380543733692286588\net.minecraftforge.event.world.BlockEvent$EntityMultiPlaceEvent.class
[07:27:12] [Render thread/INFO]: Wrote 1891 byte class file net.minecraftforge.event.LootTableLoadEvent to C:\Users\hdlhdh\AppData\Local\Temp\classDump6380543733692286588\net.minecraftforge.event.LootTableLoadEvent.class
[07:27:12] [Render thread/INFO]: Wrote 1959 byte class file net.minecraftforge.event.entity.living.LivingSpawnEvent to C:\Users\hdlhdh\AppData\Local\Temp\classDump6380543733692286588\net.minecraftforge.event.entity.living.LivingSpawnEvent.class
[07:27:12] [Render thread/INFO]: Wrote 2312 byte class file net.minecraftforge.event.entity.living.LivingSpawnEvent$CheckSpawn to C:\Users\hdlhdh\AppData\Local\Temp\classDump6380543733692286588\net.minecraftforge.event.entity.living.LivingSpawnEvent$CheckSpawn.class
[07:27:12] [Render thread/INFO]: Wrote 2507 byte class file net.minecraftforge.event.furnace.FurnaceFuelBurnTimeEvent to C:\Users\hdlhdh\AppData\Local\Temp\classDump6380543733692286588\net.minecraftforge.event.furnace.FurnaceFuelBurnTimeEvent.class
[07:27:12] [Render thread/INFO]: Wrote 2714 byte class file net.minecraftforge.event.world.WorldEvent$PotentialSpawns to C:\Users\hdlhdh\AppData\Local\Temp\classDump6380543733692286588\net.minecraftforge.event.world.WorldEvent$PotentialSpawns.class
[07:27:12] [Render thread/INFO]: Wrote 1990 byte class file net.minecraftforge.client.event.ClientChatReceivedEvent to C:\Users\hdlhdh\AppData\Local\Temp\classDump6380543733692286588\net.minecraftforge.client.event.ClientChatReceivedEvent.class
[07:27:12] [Render thread/INFO]: Wrote 1301 byte class file net.minecraftforge.event.entity.EntityEvent$CanUpdate to C:\Users\hdlhdh\AppData\Local\Temp\classDump6380543733692286588\net.minecraftforge.event.entity.EntityEvent$CanUpdate.class
[07:27:12] [Render thread/INFO]: Wrote 2542 byte class file net.minecraftforge.client.event.RenderBlockOverlayEvent to C:\Users\hdlhdh\AppData\Local\Temp\classDump6380543733692286588\net.minecraftforge.client.event.RenderBlockOverlayEvent.class
[07:27:12] [Render thread/INFO]: Wrote 1842 byte class file net.minecraftforge.event.world.ChunkWatchEvent to C:\Users\hdlhdh\AppData\Local\Temp\classDump6380543733692286588\net.minecraftforge.event.world.ChunkWatchEvent.class
[07:27:12] [Render thread/INFO]: Wrote 1303 byte class file net.minecraftforge.event.world.ChunkWatchEvent$Watch to C:\Users\hdlhdh\AppData\Local\Temp\classDump6380543733692286588\net.minecraftforge.event.world.ChunkWatchEvent$Watch.class
[07:27:12] [Render thread/INFO]: Wrote 1309 byte class file net.minecraftforge.event.world.ChunkWatchEvent$UnWatch to C:\Users\hdlhdh\AppData\Local\Temp\classDump6380543733692286588\net.minecraftforge.event.world.ChunkWatchEvent$UnWatch.class
[07:27:12] [Render thread/INFO]: Wrote 2214 byte class file net.minecraftforge.event.entity.living.EnderTeleportEvent to C:\Users\hdlhdh\AppData\Local\Temp\classDump6380543733692286588\net.minecraftforge.event.entity.living.EnderTeleportEvent.class
[07:27:12] [Render thread/INFO]: Wrote 2962 byte class file net.minecraftforge.event.entity.living.EntityTeleportEvent to C:\Users\hdlhdh\AppData\Local\Temp\classDump6380543733692286588\net.minecraftforge.event.entity.living.EntityTeleportEvent.class
[07:27:12] [Render thread/INFO]: Wrote 1372 byte class file net.minecraftforge.event.entity.living.EntityTeleportEvent$SpreadPlayersCommand to C:\Users\hdlhdh\AppData\Local\Temp\classDump6380543733692286588\net.minecraftforge.event.entity.living.EntityTeleportEvent$SpreadPlayersCommand.class
[07:27:12] [Render thread/INFO]: Wrote 1517 byte class file net.minecraftforge.event.entity.EntityStruckByLightningEvent to C:\Users\hdlhdh\AppData\Local\Temp\classDump6380543733692286588\net.minecraftforge.event.entity.EntityStruckByLightningEvent.class
[07:27:13] [Render thread/INFO]: Wrote 1983 byte class file net.minecraftforge.event.world.ExplosionEvent$Detonate to C:\Users\hdlhdh\AppData\Local\Temp\classDump6380543733692286588\net.minecraftforge.event.world.ExplosionEvent$Detonate.class
[07:27:13] [Render thread/INFO]: Wrote 1556 byte class file net.minecraftforge.event.entity.living.EntityTeleportEvent$ChorusFruit to C:\Users\hdlhdh\AppData\Local\Temp\classDump6380543733692286588\net.minecraftforge.event.entity.living.EntityTeleportEvent$ChorusFruit.class
[07:27:13] [Render thread/INFO]: Wrote 1652 byte class file net.minecraftforge.event.entity.living.AnimalTameEvent to C:\Users\hdlhdh\AppData\Local\Temp\classDump6380543733692286588\net.minecraftforge.event.entity.living.AnimalTameEvent.class
[07:27:13] [Render thread/INFO]: Wrote 2110 byte class file net.minecraftforge.event.entity.player.ArrowLooseEvent to C:\Users\hdlhdh\AppData\Local\Temp\classDump6380543733692286588\net.minecraftforge.event.entity.player.ArrowLooseEvent.class
[07:27:13] [Render thread/INFO]: Wrote 2578 byte class file net.minecraftforge.event.entity.player.ArrowNockEvent to C:\Users\hdlhdh\AppData\Local\Temp\classDump6380543733692286588\net.minecraftforge.event.entity.player.ArrowNockEvent.class
[07:27:13] [Render thread/INFO]: Wrote 2535 byte class file net.minecraftforge.event.world.BlockEvent$BlockToolInteractEvent to C:\Users\hdlhdh\AppData\Local\Temp\classDump6380543733692286588\net.minecraftforge.event.world.BlockEvent$BlockToolInteractEvent.class
[07:27:13] [Render thread/INFO]: Wrote 2854 byte class file net.minecraftforge.event.entity.EntityEvent$Size to C:\Users\hdlhdh\AppData\Local\Temp\classDump6380543733692286588\net.minecraftforge.event.entity.EntityEvent$Size.class
[07:27:13] [Render thread/INFO]: Wrote 3776 byte class file net.minecraftforge.event.AttachCapabilitiesEvent to C:\Users\hdlhdh\AppData\Local\Temp\classDump6380543733692286588\net.minecraftforge.event.AttachCapabilitiesEvent.class
[07:27:13] [Render thread/INFO]: Wrote 1746 byte class file net.minecraftforge.event.world.SaplingGrowTreeEvent to C:\Users\hdlhdh\AppData\Local\Temp\classDump6380543733692286588\net.minecraftforge.event.world.SaplingGrowTreeEvent.class
[07:27:13] [Render thread/INFO]: Wrote 1725 byte class file net.minecraftforge.event.world.BlockEvent$PortalSpawnEvent to C:\Users\hdlhdh\AppData\Local\Temp\classDump6380543733692286588\net.minecraftforge.event.world.BlockEvent$PortalSpawnEvent.class
[07:27:13] [Render thread/INFO]: Wrote 1582 byte class file net.minecraftforge.client.event.ClientChatEvent to C:\Users\hdlhdh\AppData\Local\Temp\classDump6380543733692286588\net.minecraftforge.client.event.ClientChatEvent.class
[07:27:13] [Render thread/INFO]: Wrote 2225 byte class file net.minecraftforge.event.brewing.PotionBrewEvent to C:\Users\hdlhdh\AppData\Local\Temp\classDump6380543733692286588\net.minecraftforge.event.brewing.PotionBrewEvent.class
[07:27:13] [Render thread/INFO]: Wrote 1288 byte class file net.minecraftforge.event.brewing.PotionBrewEvent$Post to C:\Users\hdlhdh\AppData\Local\Temp\classDump6380543733692286588\net.minecraftforge.event.brewing.PotionBrewEvent$Post.class
[07:27:13] [Render thread/INFO]: Wrote 1944 byte class file net.minecraftforge.event.world.BlockEvent$CreateFluidSourceEvent to C:\Users\hdlhdh\AppData\Local\Temp\classDump6380543733692286588\net.minecraftforge.event.world.BlockEvent$CreateFluidSourceEvent.class
[07:27:13] [Render thread/INFO]: Wrote 1357 byte class file net.minecraftforge.event.entity.living.EntityTeleportEvent$TeleportCommand to C:\Users\hdlhdh\AppData\Local\Temp\classDump6380543733692286588\net.minecraftforge.event.entity.living.EntityTeleportEvent$TeleportCommand.class
[07:27:13] [Render thread/INFO]: Wrote 1556 byte class file net.minecraftforge.event.entity.living.EntityTeleportEvent$EnderEntity to C:\Users\hdlhdh\AppData\Local\Temp\classDump6380543733692286588\net.minecraftforge.event.entity.living.EntityTeleportEvent$EnderEntity.class
[07:27:13] [Render thread/INFO]: Wrote 1271 byte class file net.minecraftforge.event.entity.living.LivingConversionEvent to C:\Users\hdlhdh\AppData\Local\Temp\classDump6380543733692286588\net.minecraftforge.event.entity.living.LivingConversionEvent.class
[07:27:13] [Render thread/INFO]: Wrote 2374 byte class file net.minecraftforge.event.entity.living.LivingConversionEvent$Pre to C:\Users\hdlhdh\AppData\Local\Temp\classDump6380543733692286588\net.minecraftforge.event.entity.living.LivingConversionEvent$Pre.class
[07:27:13] [Render thread/INFO]: Wrote 1373 byte class file net.minecraftforge.event.entity.living.LivingConversionEvent$Post to C:\Users\hdlhdh\AppData\Local\Temp\classDump6380543733692286588\net.minecraftforge.event.entity.living.LivingConversionEvent$Post.class
[07:27:13] [Render thread/INFO]: Wrote 1813 byte class file net.minecraftforge.event.entity.player.UseHoeEvent to C:\Users\hdlhdh\AppData\Local\Temp\classDump6380543733692286588\net.minecraftforge.event.entity.player.UseHoeEvent.class
[07:27:13] [Render thread/INFO]: Wrote 2476 byte class file net.minecraftforge.event.entity.player.ItemTooltipEvent to C:\Users\hdlhdh\AppData\Local\Temp\classDump6380543733692286588\net.minecraftforge.event.entity.player.ItemTooltipEvent.class
[07:27:14] [Render thread/INFO]: Wrote 2094 byte class file net.minecraftforge.event.entity.living.EntityTeleportEvent$EnderPearl to C:\Users\hdlhdh\AppData\Local\Temp\classDump6380543733692286588\net.minecraftforge.event.entity.living.EntityTeleportEvent$EnderPearl.class
[07:27:14] [Render thread/INFO]: Wrote 2367 byte class file net.minecraftforge.event.entity.player.PlayerEvent$BreakSpeed to C:\Users\hdlhdh\AppData\Local\Temp\classDump6380543733692286588\net.minecraftforge.event.entity.player.PlayerEvent$BreakSpeed.class
[07:27:14] [Render thread/INFO]: Wrote 1368 byte class file net.minecraftforge.event.entity.player.PlayerWakeUpEvent to C:\Users\hdlhdh\AppData\Local\Temp\classDump6380543733692286588\net.minecraftforge.event.entity.player.PlayerWakeUpEvent.class
[07:27:14] [Render thread/INFO]: Wrote 1586 byte class file net.minecraftforge.event.entity.player.PlayerFlyableFallEvent to C:\Users\hdlhdh\AppData\Local\Temp\classDump6380543733692286588\net.minecraftforge.event.entity.player.PlayerFlyableFallEvent.class
[07:27:14] [Render thread/INFO]: Wrote 1440 byte class file net.minecraftforge.event.entity.living.ZombieEvent to C:\Users\hdlhdh\AppData\Local\Temp\classDump6380543733692286588\net.minecraftforge.event.entity.living.ZombieEvent.class
[07:27:14] [Render thread/INFO]: Wrote 2638 byte class file net.minecraftforge.event.entity.living.ZombieEvent$SummonAidEvent to C:\Users\hdlhdh\AppData\Local\Temp\classDump6380543733692286588\net.minecraftforge.event.entity.living.ZombieEvent$SummonAidEvent.class
[07:27:14] [Render thread/INFO]: Wrote 2922 byte class file net.minecraftforge.event.world.PistonEvent to C:\Users\hdlhdh\AppData\Local\Temp\classDump6380543733692286588\net.minecraftforge.event.world.PistonEvent.class
[07:27:14] [Render thread/INFO]: Wrote 1594 byte class file net.minecraftforge.event.world.PistonEvent$Pre to C:\Users\hdlhdh\AppData\Local\Temp\classDump6380543733692286588\net.minecraftforge.event.world.PistonEvent$Pre.class
[07:27:14] [Render thread/INFO]: Wrote 1461 byte class file net.minecraftforge.event.world.PistonEvent$Post to C:\Users\hdlhdh\AppData\Local\Temp\classDump6380543733692286588\net.minecraftforge.event.world.PistonEvent$Post.class
[07:27:14] [Render thread/INFO]: Wrote 2181 byte class file net.minecraftforge.event.entity.player.PlayerEvent$SaveToFile to C:\Users\hdlhdh\AppData\Local\Temp\classDump6380543733692286588\net.minecraftforge.event.entity.player.PlayerEvent$SaveToFile.class
[07:27:15] [Render thread/INFO]: Wrote 1399 byte class file net.minecraftforge.event.entity.player.PlayerEvent$StartTracking to C:\Users\hdlhdh\AppData\Local\Temp\classDump6380543733692286588\net.minecraftforge.event.entity.player.PlayerEvent$StartTracking.class
[07:27:15] [Render thread/INFO]: Wrote 1604 byte class file net.minecraftforge.event.entity.living.LivingPackSizeEvent to C:\Users\hdlhdh\AppData\Local\Temp\classDump6380543733692286588\net.minecraftforge.event.entity.living.LivingPackSizeEvent.class
[07:27:15] [Render thread/INFO]: Wrote 1396 byte class file net.minecraftforge.event.entity.player.PlayerEvent$StopTracking to C:\Users\hdlhdh\AppData\Local\Temp\classDump6380543733692286588\net.minecraftforge.event.entity.player.PlayerEvent$StopTracking.class
[07:27:15] [Render thread/INFO]: Wrote 2187 byte class file net.minecraftforge.event.entity.player.PlayerEvent$LoadFromFile to C:\Users\hdlhdh\AppData\Local\Temp\classDump6380543733692286588\net.minecraftforge.event.entity.player.PlayerEvent$LoadFromFile.class
[07:27:15] [Render thread/INFO]: Wrote 1755 byte class file net.minecraftforge.event.entity.player.PlayerDestroyItemEvent to C:\Users\hdlhdh\AppData\Local\Temp\classDump6380543733692286588\net.minecraftforge.event.entity.player.PlayerDestroyItemEvent.class
[07:27:15] [Render thread/INFO]: Wrote 1660 byte class file net.minecraftforge.event.entity.player.SleepingLocationCheckEvent to C:\Users\hdlhdh\AppData\Local\Temp\classDump6380543733692286588\net.minecraftforge.event.entity.player.SleepingLocationCheckEvent.class
[07:27:15] [Render thread/INFO]: Wrote 2585 byte class file net.minecraftforge.event.entity.PlaySoundAtEntityEvent to C:\Users\hdlhdh\AppData\Local\Temp\classDump6380543733692286588\net.minecraftforge.event.entity.PlaySoundAtEntityEvent.class
[07:27:15] [Render thread/INFO]: Wrote 1325 byte class file net.minecraftforge.event.entity.EntityMobGriefingEvent to C:\Users\hdlhdh\AppData\Local\Temp\classDump6380543733692286588\net.minecraftforge.event.entity.EntityMobGriefingEvent.class
[07:27:15] [Render thread/INFO]: Wrote 2196 byte class file net.minecraftforge.event.world.BlockEvent$NeighborNotifyEvent to C:\Users\hdlhdh\AppData\Local\Temp\classDump6380543733692286588\net.minecraftforge.event.world.BlockEvent$NeighborNotifyEvent.class
[07:27:15] [Render thread/INFO]: Wrote 1705 byte class file net.minecraftforge.event.entity.living.LivingDestroyBlockEvent to C:\Users\hdlhdh\AppData\Local\Temp\classDump6380543733692286588\net.minecraftforge.event.entity.living.LivingDestroyBlockEvent.class
[07:27:15] [Render thread/INFO]: Wrote 1486 byte class file net.minecraftforge.event.entity.item.ItemExpireEvent to C:\Users\hdlhdh\AppData\Local\Temp\classDump6380543733692286588\net.minecraftforge.event.entity.item.ItemExpireEvent.class
[07:27:15] [Render thread/INFO]: Wrote 1748 byte class file net.minecraftforge.event.entity.player.EntityItemPickupEvent to C:\Users\hdlhdh\AppData\Local\Temp\classDump6380543733692286588\net.minecraftforge.event.entity.player.EntityItemPickupEvent.class
[07:27:16] [Render thread/INFO]: Wrote 2591 byte class file net.minecraftforge.event.entity.player.FillBucketEvent to C:\Users\hdlhdh\AppData\Local\Temp\classDump6380543733692286588\net.minecraftforge.event.entity.player.FillBucketEvent.class
[07:27:16] [Render thread/INFO]: Wrote 2469 byte class file net.minecraftforge.event.entity.player.BonemealEvent to C:\Users\hdlhdh\AppData\Local\Temp\classDump6380543733692286588\net.minecraftforge.event.entity.player.BonemealEvent.class
[07:27:16] [Render thread/INFO]: Wrote 1537 byte class file net.minecraftforge.event.world.WorldEvent$CreateSpawnPosition to C:\Users\hdlhdh\AppData\Local\Temp\classDump6380543733692286588\net.minecraftforge.event.world.WorldEvent$CreateSpawnPosition.class
[07:27:16] [Render thread/INFO]: Wrote 2243 byte class file net.minecraftforge.event.world.BlockEvent$FluidPlaceBlockEvent to C:\Users\hdlhdh\AppData\Local\Temp\classDump6380543733692286588\net.minecraftforge.event.world.BlockEvent$FluidPlaceBlockEvent.class
[07:27:16] [Render thread/INFO]: Wrote 1655 byte class file net.minecraftforge.event.entity.living.LivingSpawnEvent$AllowDespawn to C:\Users\hdlhdh\AppData\Local\Temp\classDump6380543733692286588\net.minecraftforge.event.entity.living.LivingSpawnEvent$AllowDespawn.class
[07:27:16] [Render thread/INFO]: Wrote 1944 byte class file net.minecraftforge.event.entity.ProjectileImpactEvent to C:\Users\hdlhdh\AppData\Local\Temp\classDump6380543733692286588\net.minecraftforge.event.entity.ProjectileImpactEvent.class
[07:27:16] [Render thread/INFO]: Wrote 1651 byte class file net.minecraftforge.event.entity.ProjectileImpactEvent$Fireball to C:\Users\hdlhdh\AppData\Local\Temp\classDump6380543733692286588\net.minecraftforge.event.entity.ProjectileImpactEvent$Fireball.class
[07:27:16] [Render thread/INFO]: Wrote 1621 byte class file net.minecraftforge.event.entity.ProjectileImpactEvent$Arrow to C:\Users\hdlhdh\AppData\Local\Temp\classDump6380543733692286588\net.minecraftforge.event.entity.ProjectileImpactEvent$Arrow.class
[07:27:16] [Render thread/INFO]: Wrote 1661 byte class file net.minecraftforge.event.entity.ProjectileImpactEvent$FishingBobber to C:\Users\hdlhdh\AppData\Local\Temp\classDump6380543733692286588\net.minecraftforge.event.entity.ProjectileImpactEvent$FishingBobber.class
[07:27:16] [Render thread/INFO]: Wrote 1669 byte class file net.minecraftforge.event.entity.ProjectileImpactEvent$FireworkRocket to C:\Users\hdlhdh\AppData\Local\Temp\classDump6380543733692286588\net.minecraftforge.event.entity.ProjectileImpactEvent$FireworkRocket.class
[07:27:16] [Render thread/INFO]: Wrote 1629 byte class file net.minecraftforge.event.entity.ProjectileImpactEvent$Throwable to C:\Users\hdlhdh\AppData\Local\Temp\classDump6380543733692286588\net.minecraftforge.event.entity.ProjectileImpactEvent$Throwable.class
[07:27:16] [Render thread/INFO]: Wrote 2398 byte class file net.minecraftforge.event.entity.player.PlayerSleepInBedEvent to C:\Users\hdlhdh\AppData\Local\Temp\classDump6380543733692286588\net.minecraftforge.event.entity.player.PlayerSleepInBedEvent.class
[07:27:17] [Render thread/INFO]: Wrote 1516 byte class file net.minecraftforge.event.entity.player.PlayerEvent$Clone to C:\Users\hdlhdh\AppData\Local\Temp\classDump6380543733692286588\net.minecraftforge.event.entity.player.PlayerEvent$Clone.class
[07:27:17] [Render thread/INFO]: Wrote 2321 byte class file net.minecraftforge.event.entity.player.PlayerSetSpawnEvent to C:\Users\hdlhdh\AppData\Local\Temp\classDump6380543733692286588\net.minecraftforge.event.entity.player.PlayerSetSpawnEvent.class
[07:27:17] [Render thread/INFO]: Wrote 2090 byte class file net.minecraftforge.event.entity.living.LivingSpawnEvent$SpecialSpawn to C:\Users\hdlhdh\AppData\Local\Temp\classDump6380543733692286588\net.minecraftforge.event.entity.living.LivingSpawnEvent$SpecialSpawn.class
[07:27:17] [Render thread/INFO]: Wrote 2348 byte class file net.minecraftforge.event.enchanting.EnchantmentLevelSetEvent to C:\Users\hdlhdh\AppData\Local\Temp\classDump6380543733692286588\net.minecraftforge.event.enchanting.EnchantmentLevelSetEvent.class
[07:27:17] [Render thread/INFO]: Wrote 1421 byte class file net.minecraftforge.event.brewing.PotionBrewEvent$Pre to C:\Users\hdlhdh\AppData\Local\Temp\classDump6380543733692286588\net.minecraftforge.event.brewing.PotionBrewEvent$Pre.class
[07:27:17] [Render thread/INFO]: Wrote 1470 byte class file net.minecraftforge.event.brewing.PlayerBrewedPotionEvent to C:\Users\hdlhdh\AppData\Local\Temp\classDump6380543733692286588\net.minecraftforge.event.brewing.PlayerBrewedPotionEvent.class
[07:27:17] [Render thread/INFO]: Wrote 1930 byte class file net.minecraftforge.event.entity.player.SleepingTimeCheckEvent to C:\Users\hdlhdh\AppData\Local\Temp\classDump6380543733692286588\net.minecraftforge.event.entity.player.SleepingTimeCheckEvent.class
[07:27:17] [Render thread/INFO]: Wrote 1695 byte class file net.minecraftforge.event.entity.player.PlayerEvent$NameFormat to C:\Users\hdlhdh\AppData\Local\Temp\classDump6380543733692286588\net.minecraftforge.event.entity.player.PlayerEvent$NameFormat.class
[07:27:17] [Render thread/INFO]: Wrote 1636 byte class file net.minecraftforge.event.entity.player.PlayerEvent$HarvestCheck to C:\Users\hdlhdh\AppData\Local\Temp\classDump6380543733692286588\net.minecraftforge.event.entity.player.PlayerEvent$HarvestCheck.class
[07:27:17] [Render thread/INFO]: Wrote 1618 byte class file net.minecraftforge.event.entity.player.PlayerEvent$TabListNameFormat to C:\Users\hdlhdh\AppData\Local\Temp\classDump6380543733692286588\net.minecraftforge.event.entity.player.PlayerEvent$TabListNameFormat.class
[07:27:18] [Render thread/INFO]: Wrote 46241 byte class file net.minecraft.client.particle.ParticleManager to C:\Users\hdlhdh\AppData\Local\Temp\classDump6380543733692286588\net.minecraft.client.particle.ParticleManager.class
[07:27:18] [Render thread/INFO]: Wrote 7984 byte class file net.minecraft.client.particle.Particle to C:\Users\hdlhdh\AppData\Local\Temp\classDump6380543733692286588\net.minecraft.client.particle.Particle.class
[07:27:18] [Render thread/INFO]: Wrote 5408 byte class file net.minecraft.client.particle.DiggingParticle to C:\Users\hdlhdh\AppData\Local\Temp\classDump6380543733692286588\net.minecraft.client.particle.DiggingParticle.class
[07:27:18] [Render thread/INFO]: Wrote 656 byte class file net.minecraft.client.particle.ParticleManager$IParticleMetaFactory to C:\Users\hdlhdh\AppData\Local\Temp\classDump6380543733692286588\net.minecraft.client.particle.ParticleManager$IParticleMetaFactory.class
[07:27:18] [Render thread/INFO]: Wrote 2191 byte class file net.minecraft.client.particle.ParticleManager$AnimatedSpriteImpl to C:\Users\hdlhdh\AppData\Local\Temp\classDump6380543733692286588\net.minecraft.client.particle.ParticleManager$AnimatedSpriteImpl.class
[07:27:18] [Render thread/INFO]: Wrote 2243 byte class file net.minecraft.client.particle.DiggingParticle$Factory to C:\Users\hdlhdh\AppData\Local\Temp\classDump6380543733692286588\net.minecraft.client.particle.DiggingParticle$Factory.class
[07:27:18] [Render thread/INFO]: Wrote 2136 byte class file net.minecraftforge.client.event.RenderGameOverlayEvent$Chat to C:\Users\hdlhdh\AppData\Local\Temp\classDump6380543733692286588\net.minecraftforge.client.event.RenderGameOverlayEvent$Chat.class
[07:27:18] [Render thread/INFO]: Wrote 2397 byte class file net.minecraftforge.client.event.RenderGameOverlayEvent$Text to C:\Users\hdlhdh\AppData\Local\Temp\classDump6380543733692286588\net.minecraftforge.client.event.RenderGameOverlayEvent$Text.class
[07:27:18] [Render thread/INFO]: Wrote 33474 byte class file net.minecraft.client.gui.overlay.DebugOverlayGui to C:\Users\hdlhdh\AppData\Local\Temp\classDump6380543733692286588\net.minecraft.client.gui.overlay.DebugOverlayGui.class
[07:27:18] [Render thread/INFO]: Wrote 6314 byte class file net.minecraft.client.gui.overlay.BossOverlayGui to C:\Users\hdlhdh\AppData\Local\Temp\classDump6380543733692286588\net.minecraft.client.gui.overlay.BossOverlayGui.class
[07:27:18] [Render thread/INFO]: Narrator library for x64 successfully loaded
[07:27:19] [Render thread/INFO]: Wrote 2779 byte class file net.minecraft.client.gui.ResourceLoadProgressGui$MojangLogoTexture to C:\Users\hdlhdh\AppData\Local\Temp\classDump6380543733692286588\net.minecraft.client.gui.ResourceLoadProgressGui$MojangLogoTexture.class
[07:27:19] [Render thread/INFO]: Reloading ResourceManager: Default, Mod Resources
[07:27:19] [Render thread/INFO]: Wrote 6994 byte class file net.minecraft.resources.FallbackResourceManager to C:\Users\hdlhdh\AppData\Local\Temp\classDump6380543733692286588\net.minecraft.resources.FallbackResourceManager.class
[07:27:19] [Render thread/INFO]: Wrote 2707 byte class file net.minecraftforge.client.event.GuiScreenEvent$InitGuiEvent to C:\Users\hdlhdh\AppData\Local\Temp\classDump6380543733692286588\net.minecraftforge.client.event.GuiScreenEvent$InitGuiEvent.class
[07:27:19] [Render thread/INFO]: Wrote 1986 byte class file net.minecraftforge.client.event.GuiScreenEvent$InitGuiEvent$Pre to C:\Users\hdlhdh\AppData\Local\Temp\classDump6380543733692286588\net.minecraftforge.client.event.GuiScreenEvent$InitGuiEvent$Pre.class
[07:27:19] [Render thread/INFO]: Wrote 1853 byte class file net.minecraftforge.client.event.GuiScreenEvent$InitGuiEvent$Post to C:\Users\hdlhdh\AppData\Local\Temp\classDump6380543733692286588\net.minecraftforge.client.event.GuiScreenEvent$InitGuiEvent$Post.class
[07:27:19] [Render thread/INFO]: Wrote 1437 byte class file net.minecraftforge.client.event.GuiScreenEvent$BackgroundDrawnEvent to C:\Users\hdlhdh\AppData\Local\Temp\classDump6380543733692286588\net.minecraftforge.client.event.GuiScreenEvent$BackgroundDrawnEvent.class
[07:27:19] [Worker-Main-5/INFO]: HELLO FROM PREINIT
[07:27:19] [Worker-Main-5/INFO]: DIRT BLOCK >> minecraft:dirt
[07:27:20] [Forge Version Check/INFO]: [forge] Starting version check at https://files.minecraftforge.net/net/minecraftforge/forge/promotions_slim.json
[07:27:20] [Render thread/INFO]: Wrote 7167 byte class file net.minecraft.client.gui.screen.LanguageScreen to C:\Users\hdlhdh\AppData\Local\Temp\classDump6380543733692286588\net.minecraft.client.gui.screen.LanguageScreen.class
[07:27:20] [Render thread/INFO]: Wrote 13167 byte class file net.minecraft.client.gui.screen.OptionsScreen to C:\Users\hdlhdh\AppData\Local\Temp\classDump6380543733692286588\net.minecraft.client.gui.screen.OptionsScreen.class
[07:27:20] [Render thread/INFO]: Wrote 13382 byte class file net.minecraft.client.gui.screen.MultiplayerScreen to C:\Users\hdlhdh\AppData\Local\Temp\classDump6380543733692286588\net.minecraft.client.gui.screen.MultiplayerScreen.class
[07:27:20] [Render thread/INFO]: Wrote 1253 byte class file net.minecraft.client.renderer.texture.AtlasTexture$SheetData to C:\Users\hdlhdh\AppData\Local\Temp\classDump6380543733692286588\net.minecraft.client.renderer.texture.AtlasTexture$SheetData.class
[07:27:20] [Render thread/INFO]: Wrote 1341 byte class file net.minecraftforge.event.entity.player.PlayerEvent$PlayerRespawnEvent to C:\Users\hdlhdh\AppData\Local\Temp\classDump6380543733692286588\net.minecraftforge.event.entity.player.PlayerEvent$PlayerRespawnEvent.class
[07:27:20] [Render thread/INFO]: Wrote 1158 byte class file net.minecraftforge.event.entity.player.PlayerEvent$PlayerLoggedOutEvent to C:\Users\hdlhdh\AppData\Local\Temp\classDump6380543733692286588\net.minecraftforge.event.entity.player.PlayerEvent$PlayerLoggedOutEvent.class
[07:27:20] [Render thread/INFO]: Wrote 1832 byte class file net.minecraftforge.event.TickEvent$PlayerTickEvent to C:\Users\hdlhdh\AppData\Local\Temp\classDump6380543733692286588\net.minecraftforge.event.TickEvent$PlayerTickEvent.class
[07:27:20] [Render thread/INFO]: Wrote 1565 byte class file net.minecraftforge.event.TickEvent$RenderTickEvent to C:\Users\hdlhdh\AppData\Local\Temp\classDump6380543733692286588\net.minecraftforge.event.TickEvent$RenderTickEvent.class
[07:27:20] [Render thread/INFO]: Wrote 1596 byte class file net.minecraftforge.event.TickEvent$WorldTickEvent to C:\Users\hdlhdh\AppData\Local\Temp\classDump6380543733692286588\net.minecraftforge.event.TickEvent$WorldTickEvent.class
[07:27:21] [Worker-Main-5/INFO]: Wrote 5317 byte class file net.minecraft.client.audio.SoundHandler$Loader to C:\Users\hdlhdh\AppData\Local\Temp\classDump6380543733692286588\net.minecraft.client.audio.SoundHandler$Loader.class
[07:27:21] [Render thread/INFO]: Wrote 1677 byte class file net.minecraftforge.event.entity.player.PlayerEvent$ItemPickupEvent to C:\Users\hdlhdh\AppData\Local\Temp\classDump6380543733692286588\net.minecraftforge.event.entity.player.PlayerEvent$ItemPickupEvent.class
[07:27:21] [Render thread/INFO]: Wrote 1559 byte class file net.minecraftforge.event.entity.player.PlayerEvent$ItemSmeltedEvent to C:\Users\hdlhdh\AppData\Local\Temp\classDump6380543733692286588\net.minecraftforge.event.entity.player.PlayerEvent$ItemSmeltedEvent.class
[07:27:21] [Worker-Main-6/INFO]: Wrote 6288 byte class file net.minecraft.client.renderer.model.VariantList to C:\Users\hdlhdh\AppData\Local\Temp\classDump6380543733692286588\net.minecraft.client.renderer.model.VariantList.class
[07:27:21] [Forge Version Check/INFO]: [forge] Found status: AHEAD Current: 36.2.42 Target: null
[07:27:21] [Render thread/INFO]: Wrote 1793 byte class file net.minecraftforge.event.entity.player.PlayerEvent$ItemCraftedEvent to C:\Users\hdlhdh\AppData\Local\Temp\classDump6380543733692286588\net.minecraftforge.event.entity.player.PlayerEvent$ItemCraftedEvent.class
[07:27:21] [Worker-Main-6/INFO]: Wrote 2451 byte class file net.minecraft.client.renderer.model.VariantList$Deserializer to C:\Users\hdlhdh\AppData\Local\Temp\classDump6380543733692286588\net.minecraft.client.renderer.model.VariantList$Deserializer.class
[07:27:21] [Render thread/INFO]: Wrote 2000 byte class file net.minecraftforge.event.entity.player.PlayerEvent$PlayerChangedDimensionEvent to C:\Users\hdlhdh\AppData\Local\Temp\classDump6380543733692286588\net.minecraftforge.event.entity.player.PlayerEvent$PlayerChangedDimensionEvent.class
[07:27:21] [Render thread/INFO]: Wrote 12235 byte class file net.minecraft.client.renderer.FogRenderer to C:\Users\hdlhdh\AppData\Local\Temp\classDump6380543733692286588\net.minecraft.client.renderer.FogRenderer.class
[07:27:21] [Worker-Main-6/INFO]: Wrote 6052 byte class file net.minecraft.client.renderer.model.ModelBakery$ModelListWrapper to C:\Users\hdlhdh\AppData\Local\Temp\classDump6380543733692286588\net.minecraft.client.renderer.model.ModelBakery$ModelListWrapper.class
[07:27:22] [Render thread/INFO]: Wrote 2101 byte class file net.minecraftforge.client.event.EntityViewRenderEvent$FogColors to C:\Users\hdlhdh\AppData\Local\Temp\classDump6380543733692286588\net.minecraftforge.client.event.EntityViewRenderEvent$FogColors.class
[07:27:22] [Render thread/INFO]: Wrote 1465 byte class file com.mojang.blaze3d.platform.GlStateManager$FogMode to C:\Users\hdlhdh\AppData\Local\Temp\classDump6380543733692286588\com.mojang.blaze3d.platform.GlStateManager$FogMode.class
[07:27:25] [Worker-Main-4/INFO]: Wrote 9484 byte class file net.minecraft.client.renderer.texture.Stitcher to C:\Users\hdlhdh\AppData\Local\Temp\classDump6380543733692286588\net.minecraft.client.renderer.texture.Stitcher.class
[07:27:25] [Worker-Main-4/INFO]: Wrote 1517 byte class file net.minecraft.client.renderer.texture.Stitcher$Holder to C:\Users\hdlhdh\AppData\Local\Temp\classDump6380543733692286588\net.minecraft.client.renderer.texture.Stitcher$Holder.class
[07:27:32] [Render thread/INFO]: Wrote 1193 byte class file net.minecraft.client.audio.ISound$AttenuationType to C:\Users\hdlhdh\AppData\Local\Temp\classDump6380543733692286588\net.minecraft.client.audio.ISound$AttenuationType.class
[07:27:32] [Worker-Main-4/INFO]: Wrote 3713 byte class file net.minecraft.client.renderer.texture.Stitcher$Slot to C:\Users\hdlhdh\AppData\Local\Temp\classDump6380543733692286588\net.minecraft.client.renderer.texture.Stitcher$Slot.class
[07:27:32] [Worker-Main-4/INFO]: Wrote 480 byte class file net.minecraft.client.renderer.texture.Stitcher$ISpriteLoader to C:\Users\hdlhdh\AppData\Local\Temp\classDump6380543733692286588\net.minecraft.client.renderer.texture.Stitcher$ISpriteLoader.class
[07:27:33] [Worker-Main-7/ERROR]: Using missing texture, unable to load aevmod:textures/item/first_painting.png : java.io.FileNotFoundException: aevmod:textures/item/first_painting.png
[07:27:33] [Render thread/INFO]: Wrote 17930 byte class file net.minecraft.client.renderer.RenderTypeLookup to C:\Users\hdlhdh\AppData\Local\Temp\classDump6380543733692286588\net.minecraft.client.renderer.RenderTypeLookup.class
[07:27:33] [Render thread/INFO]: Wrote 2416 byte class file net.minecraft.client.gui.ScreenManager$IScreenFactory to C:\Users\hdlhdh\AppData\Local\Temp\classDump6380543733692286588\net.minecraft.client.gui.ScreenManager$IScreenFactory.class
[07:27:33] [Render thread/INFO]: Wrote 1465 byte class file net.minecraftforge.client.event.GuiContainerEvent to C:\Users\hdlhdh\AppData\Local\Temp\classDump6380543733692286588\net.minecraftforge.client.event.GuiContainerEvent.class
[07:27:33] [Render thread/INFO]: Wrote 1748 byte class file net.minecraftforge.client.event.GuiContainerEvent$DrawBackground to C:\Users\hdlhdh\AppData\Local\Temp\classDump6380543733692286588\net.minecraftforge.client.event.GuiContainerEvent$DrawBackground.class
[07:27:33] [Render thread/INFO]: Wrote 1748 byte class file net.minecraftforge.client.event.GuiContainerEvent$DrawForeground to C:\Users\hdlhdh\AppData\Local\Temp\classDump6380543733692286588\net.minecraftforge.client.event.GuiContainerEvent$DrawForeground.class
[07:27:33] [Render thread/INFO]: Wrote 16268 byte class file net.minecraft.client.gui.ScreenManager to C:\Users\hdlhdh\AppData\Local\Temp\classDump6380543733692286588\net.minecraft.client.gui.ScreenManager.class
[07:27:33] [Render thread/INFO]: Wrote 25789 byte class file net.minecraft.client.gui.recipebook.RecipeBookGui to C:\Users\hdlhdh\AppData\Local\Temp\classDump6380543733692286588\net.minecraft.client.gui.recipebook.RecipeBookGui.class
[07:27:33] [Render thread/INFO]: Wrote 14110 byte class file net.minecraft.client.gui.screen.EnchantmentScreen to C:\Users\hdlhdh\AppData\Local\Temp\classDump6380543733692286588\net.minecraft.client.gui.screen.EnchantmentScreen.class
[07:27:33] [Render thread/INFO]: Wrote 8410 byte class file net.minecraft.item.ItemModelsProperties to C:\Users\hdlhdh\AppData\Local\Temp\classDump6380543733692286588\net.minecraft.item.ItemModelsProperties.class
[07:27:33] [Worker-Main-8/INFO]: Wrote 4472 byte class file net.minecraft.client.renderer.texture.TextureAtlasSprite$InterpolationData to C:\Users\hdlhdh\AppData\Local\Temp\classDump6380543733692286588\net.minecraft.client.renderer.texture.TextureAtlasSprite$InterpolationData.class
[07:27:34] [Worker-Main-7/INFO]: Hello world from the MDK
[07:27:34] [Worker-Main-7/INFO]: Got IMC [Hello world]
[07:27:34] [Worker-Main-5/INFO]: Wrote 13782 byte class file net.minecraft.client.gui.screen.BiomeGeneratorTypeScreens to C:\Users\hdlhdh\AppData\Local\Temp\classDump6380543733692286588\net.minecraft.client.gui.screen.BiomeGeneratorTypeScreens.class
[07:27:37] [Render thread/INFO]: Wrote 1682 byte class file net.minecraft.client.resources.I18n to C:\Users\hdlhdh\AppData\Local\Temp\classDump6380543733692286588\net.minecraft.client.resources.I18n.class
[07:27:37] [Render thread/INFO]: Wrote 1482 byte class file net.minecraft.client.gui.widget.list.AbstractList$AbstractListEntry to C:\Users\hdlhdh\AppData\Local\Temp\classDump6380543733692286588\net.minecraft.client.gui.widget.list.AbstractList$AbstractListEntry.class
[07:27:40] [Render thread/INFO]: OpenAL initialized.
[07:27:40] [Render thread/INFO]: Sound engine started
[07:27:40] [Render thread/INFO]: Created: 4096x2048x4 minecraft:textures/atlas/blocks.png-atlas
[07:27:41] [Render thread/INFO]: Created: 256x128x4 minecraft:textures/atlas/signs.png-atlas
[07:27:41] [Render thread/INFO]: Created: 512x512x4 minecraft:textures/atlas/banner_patterns.png-atlas
[07:27:41] [Render thread/INFO]: Created: 512x512x4 minecraft:textures/atlas/shield_patterns.png-atlas
[07:27:41] [Render thread/INFO]: Created: 256x256x4 minecraft:textures/atlas/chest.png-atlas
[07:27:41] [Render thread/INFO]: Created: 512x256x4 minecraft:textures/atlas/beds.png-atlas
[07:27:41] [Render thread/INFO]: Created: 512x256x4 minecraft:textures/atlas/shulker_boxes.png-atlas
[07:27:41] [Render thread/INFO]: Wrote 1838 byte class file net.minecraft.client.renderer.model.WeightedBakedModel$Builder to C:\Users\hdlhdh\AppData\Local\Temp\classDump6380543733692286588\net.minecraft.client.renderer.model.WeightedBakedModel$Builder.class
[07:27:41] [Render thread/INFO]: Wrote 4774 byte class file net.minecraft.client.renderer.model.SimpleBakedModel$Builder to C:\Users\hdlhdh\AppData\Local\Temp\classDump6380543733692286588\net.minecraft.client.renderer.model.SimpleBakedModel$Builder.class
[07:27:41] [Render thread/INFO]: Wrote 7456 byte class file net.minecraft.client.renderer.model.ItemOverrideList to C:\Users\hdlhdh\AppData\Local\Temp\classDump6380543733692286588\net.minecraft.client.renderer.model.ItemOverrideList.class
[07:27:41] [Render thread/INFO]: Wrote 1972 byte class file net.minecraft.client.renderer.model.BakedQuad to C:\Users\hdlhdh\AppData\Local\Temp\classDump6380543733692286588\net.minecraft.client.renderer.model.BakedQuad.class
[07:27:41] [Render thread/INFO]: Wrote 3585 byte class file net.minecraft.client.renderer.model.SimpleBakedModel to C:\Users\hdlhdh\AppData\Local\Temp\classDump6380543733692286588\net.minecraft.client.renderer.model.SimpleBakedModel.class
[07:27:41] [Render thread/INFO]: Wrote 772 byte class file net.minecraft.client.renderer.model.WeightedBakedModel$WeightedModel to C:\Users\hdlhdh\AppData\Local\Temp\classDump6380543733692286588\net.minecraft.client.renderer.model.WeightedBakedModel$WeightedModel.class
[07:27:41] [Render thread/INFO]: Wrote 1729 byte class file net.minecraft.client.renderer.model.MultipartBakedModel$Builder to C:\Users\hdlhdh\AppData\Local\Temp\classDump6380543733692286588\net.minecraft.client.renderer.model.MultipartBakedModel$Builder.class
[07:27:41] [Render thread/INFO]: Wrote 7335 byte class file net.minecraft.client.renderer.model.MultipartBakedModel to C:\Users\hdlhdh\AppData\Local\Temp\classDump6380543733692286588\net.minecraft.client.renderer.model.MultipartBakedModel.class
[07:27:41] [Render thread/INFO]: Wrote 4212 byte class file net.minecraft.client.renderer.model.WeightedBakedModel to C:\Users\hdlhdh\AppData\Local\Temp\classDump6380543733692286588\net.minecraft.client.renderer.model.WeightedBakedModel.class
[07:27:41] [Render thread/INFO]: Wrote 2431 byte class file net.minecraft.client.renderer.model.ItemModelGenerator$SpanFacing to C:\Users\hdlhdh\AppData\Local\Temp\classDump6380543733692286588\net.minecraft.client.renderer.model.ItemModelGenerator$SpanFacing.class
[07:27:41] [Render thread/INFO]: Wrote 1513 byte class file net.minecraft.client.renderer.model.ItemModelGenerator$Span to C:\Users\hdlhdh\AppData\Local\Temp\classDump6380543733692286588\net.minecraft.client.renderer.model.ItemModelGenerator$Span.class
[07:27:42] [Render thread/INFO]: Wrote 15326 byte class file net.minecraft.client.shader.ShaderGroup to C:\Users\hdlhdh\AppData\Local\Temp\classDump6380543733692286588\net.minecraft.client.shader.ShaderGroup.class
[07:27:42] [Render thread/INFO]: Wrote 15812 byte class file net.minecraft.client.shader.ShaderInstance to C:\Users\hdlhdh\AppData\Local\Temp\classDump6380543733692286588\net.minecraft.client.shader.ShaderInstance.class
[07:27:43] [Render thread/INFO]: Created: 256x256x0 minecraft:textures/atlas/particles.png-atlas
[07:27:44] [Render thread/INFO]: Created: 2048x1024x0 minecraft:textures/atlas/paintings.png-atlas
[07:27:45] [Render thread/INFO]: Created: 128x128x0 minecraft:textures/atlas/mob_effects.png-atlas
[07:27:45] [Render thread/INFO]: Resource reload finished after 25046 ms
[07:27:45] [Render thread/INFO]: ClientModLoader$$Lambda$3490/0x0000026a9a9893d0 took approximately 577 ms (120 ms preparing, 457 ms applying)
[07:27:45] [Render thread/INFO]: BrandingControl$$Lambda$3491/0x0000026a9a9895f8 took approximately 0 ms (0 ms preparing, 0 ms applying)
[07:27:45] [Render thread/INFO]: Loader took approximately 0 ms (0 ms preparing, 0 ms applying)
[07:27:45] [Render thread/INFO]: OBJLoader took approximately 0 ms (0 ms preparing, 0 ms applying)
[07:27:45] [Render thread/INFO]: Loader took approximately 0 ms (0 ms preparing, 0 ms applying)
[07:27:45] [Render thread/INFO]: Loader took approximately 0 ms (0 ms preparing, 0 ms applying)
[07:27:45] [Render thread/INFO]: Loader took approximately 0 ms (0 ms preparing, 0 ms applying)
[07:27:45] [Render thread/INFO]: Loader took approximately 0 ms (0 ms preparing, 0 ms applying)
[07:27:45] [Render thread/INFO]: Loader took approximately 0 ms (0 ms preparing, 0 ms applying)
[07:27:45] [Render thread/INFO]: LanguageManager took approximately 345 ms (0 ms preparing, 345 ms applying)
[07:27:45] [Render thread/INFO]: TextureManager took approximately 1839 ms (1839 ms preparing, 0 ms applying)
[07:27:45] [Render thread/INFO]: SoundHandler took approximately 14187 ms (6207 ms preparing, 7980 ms applying)
[07:27:45] [Render thread/INFO]: Splashes took approximately 5009 ms (13 ms preparing, 4996 ms applying)
[07:27:45] [Render thread/INFO]: FontManager took approximately 9952 ms (4956 ms preparing, 4996 ms applying)
[07:27:45] [Render thread/INFO]: GrassColorReloadListener took approximately 4655 ms (144 ms preparing, 4511 ms applying)
[07:27:45] [Render thread/INFO]: FoliageColorReloadListener took approximately 4654 ms (144 ms preparing, 4510 ms applying)
[07:27:45] [Render thread/INFO]: ModelManager took approximately 17545 ms (13036 ms preparing, 4509 ms applying)
[07:27:45] [Render thread/INFO]: VillagerLevelPendantLayer took approximately 2955 ms (0 ms preparing, 2955 ms applying)
[07:27:45] [Render thread/INFO]: VillagerLevelPendantLayer took approximately 2954 ms (0 ms preparing, 2954 ms applying)
[07:27:45] [Render thread/INFO]: ItemRenderer took approximately 2954 ms (0 ms preparing, 2954 ms applying)
[07:27:45] [Render thread/INFO]: GameRenderer took approximately 2952 ms (0 ms preparing, 2952 ms applying)
[07:27:45] [Render thread/INFO]: BlockRendererDispatcher took approximately 2952 ms (0 ms preparing, 2952 ms applying)
[07:27:45] [Render thread/INFO]: WorldRenderer took approximately 2951 ms (0 ms preparing, 2951 ms applying)
[07:27:45] [Render thread/INFO]: SearchTreeManager took approximately 2737 ms (0 ms preparing, 2737 ms applying)
[07:27:45] [Render thread/INFO]: ParticleManager took approximately 9075 ms (7028 ms preparing, 2047 ms applying)
[07:27:45] [Render thread/INFO]: PaintingSpriteUploader took approximately 6586 ms (6133 ms preparing, 453 ms applying)
[07:27:45] [Render thread/INFO]: PotionSpriteUploader took approximately 677 ms (672 ms preparing, 5 ms applying)
[07:27:45] [Render thread/INFO]: GPUWarning took approximately 16 ms (14 ms preparing, 2 ms applying)
[07:27:45] [Render thread/INFO]: Total blocking time: 55266 ms
[07:27:46] [Render thread/INFO]: Wrote 2211 byte class file net.minecraftforge.client.event.ClientPlayerNetworkEvent to C:\Users\hdlhdh\AppData\Local\Temp\classDump6380543733692286588\net.minecraftforge.client.event.ClientPlayerNetworkEvent.class
[07:27:46] [Render thread/INFO]: Wrote 1433 byte class file net.minecraftforge.client.event.ClientPlayerNetworkEvent$LoggedOutEvent to C:\Users\hdlhdh\AppData\Local\Temp\classDump6380543733692286588\net.minecraftforge.client.event.ClientPlayerNetworkEvent$LoggedOutEvent.class
[07:27:46] [Render thread/INFO]: Wrote 1430 byte class file net.minecraftforge.client.event.ClientPlayerNetworkEvent$LoggedInEvent to C:\Users\hdlhdh\AppData\Local\Temp\classDump6380543733692286588\net.minecraftforge.client.event.ClientPlayerNetworkEvent$LoggedInEvent.class
[07:27:46] [Render thread/INFO]: Wrote 1911 byte class file net.minecraftforge.client.event.ClientPlayerNetworkEvent$RespawnEvent to C:\Users\hdlhdh\AppData\Local\Temp\classDump6380543733692286588\net.minecraftforge.client.event.ClientPlayerNetworkEvent$RespawnEvent.class
[07:27:46] [Render thread/INFO]: Wrote 3628 byte class file net.minecraftforge.client.gui.NotificationModUpdateScreen to C:\Users\hdlhdh\AppData\Local\Temp\classDump6380543733692286588\net.minecraftforge.client.gui.NotificationModUpdateScreen.class
[07:27:47] [Realms Notification Availability checker #1/INFO]: Could not authorize you against Realms server: java.lang.RuntimeException: Failed to parse into SignedJWT: <access token>
[07:27:58] [Render thread/INFO]: Wrote 5570 byte class file com.mojang.realmsclient.gui.screens.RealmsGenericErrorScreen to C:\Users\hdlhdh\AppData\Local\Temp\classDump6380543733692286588\com.mojang.realmsclient.gui.screens.RealmsGenericErrorScreen.class
[07:27:58] [Render thread/INFO]: Wrote 21213 byte class file net.minecraft.client.gui.widget.list.AbstractList to C:\Users\hdlhdh\AppData\Local\Temp\classDump6380543733692286588\net.minecraft.client.gui.widget.list.AbstractList.class
[07:27:58] [Render thread/INFO]: Wrote 3258 byte class file net.minecraft.client.gui.widget.list.AbstractList$SimpleArrayList to C:\Users\hdlhdh\AppData\Local\Temp\classDump6380543733692286588\net.minecraft.client.gui.widget.list.AbstractList$SimpleArrayList.class
[07:27:58] [MCO Compatability Checker #1/INFO]: Could not authorize you against Realms server: java.lang.RuntimeException: Failed to parse into SignedJWT: <access token>
[07:27:58] [MCO Compatability Checker #1/ERROR]: Couldn't connect to realms
com.mojang.realmsclient.exception.RealmsServiceException: java.lang.RuntimeException: Failed to parse into SignedJWT: <access token>
	at com.mojang.realmsclient.client.RealmsClient.func_224938_a(SourceFile:427) ~[?:?]
	at com.mojang.realmsclient.client.RealmsClient.func_224939_i(SourceFile:200) ~[?:?]
	at com.mojang.realmsclient.RealmsMainScreen$1.run(SourceFile:530) [?:?]
[07:28:05] [Render thread/INFO]: Wrote 3143 byte class file net.minecraftforge.client.event.RenderTooltipEvent to C:\Users\hdlhdh\AppData\Local\Temp\classDump6380543733692286588\net.minecraftforge.client.event.RenderTooltipEvent.class
[07:28:05] [Render thread/INFO]: Wrote 3088 byte class file net.minecraftforge.client.event.RenderTooltipEvent$Pre to C:\Users\hdlhdh\AppData\Local\Temp\classDump6380543733692286588\net.minecraftforge.client.event.RenderTooltipEvent$Pre.class
[07:28:05] [Render thread/INFO]: Wrote 3013 byte class file net.minecraftforge.client.event.RenderTooltipEvent$Color to C:\Users\hdlhdh\AppData\Local\Temp\classDump6380543733692286588\net.minecraftforge.client.event.RenderTooltipEvent$Color.class
[07:28:05] [Render thread/INFO]: Wrote 2175 byte class file net.minecraftforge.client.event.RenderTooltipEvent$Post to C:\Users\hdlhdh\AppData\Local\Temp\classDump6380543733692286588\net.minecraftforge.client.event.RenderTooltipEvent$Post.class
[07:28:05] [Render thread/INFO]: Wrote 2113 byte class file net.minecraftforge.client.event.RenderTooltipEvent$PostBackground to C:\Users\hdlhdh\AppData\Local\Temp\classDump6380543733692286588\net.minecraftforge.client.event.RenderTooltipEvent$PostBackground.class
[07:28:05] [Render thread/INFO]: Wrote 2095 byte class file net.minecraftforge.client.event.RenderTooltipEvent$PostText to C:\Users\hdlhdh\AppData\Local\Temp\classDump6380543733692286588\net.minecraftforge.client.event.RenderTooltipEvent$PostText.class
[07:28:42] [Render thread/INFO]: Wrote 35614 byte class file net.minecraft.client.gui.screen.CreateWorldScreen to C:\Users\hdlhdh\AppData\Local\Temp\classDump6380543733692286588\net.minecraft.client.gui.screen.CreateWorldScreen.class
[07:28:42] [Render thread/INFO]: Wrote 16144 byte class file net.minecraft.world.GameRules to C:\Users\hdlhdh\AppData\Local\Temp\classDump6380543733692286588\net.minecraft.world.GameRules.class
[07:28:45] [Render thread/INFO]: Wrote 4335 byte class file net.minecraft.client.gui.screen.LanguageScreen$List to C:\Users\hdlhdh\AppData\Local\Temp\classDump6380543733692286588\net.minecraft.client.gui.screen.LanguageScreen$List.class
[07:28:45] [Render thread/INFO]: Wrote 2804 byte class file net.minecraft.client.gui.screen.LanguageScreen$List$LanguageEntry to C:\Users\hdlhdh\AppData\Local\Temp\classDump6380543733692286588\net.minecraft.client.gui.screen.LanguageScreen$List$LanguageEntry.class
[07:28:47] [Render thread/INFO]: Wrote 6767 byte class file net.minecraft.client.gui.screen.ControlsScreen to C:\Users\hdlhdh\AppData\Local\Temp\classDump6380543733692286588\net.minecraft.client.gui.screen.ControlsScreen.class
[07:28:47] [Render thread/INFO]: Wrote 18803 byte class file net.minecraft.client.gui.screen.PackScreen to C:\Users\hdlhdh\AppData\Local\Temp\classDump6380543733692286588\net.minecraft.client.gui.screen.PackScreen.class
[07:29:16] [Render thread/INFO]: Attempt 1...
[07:29:16] [Render thread/INFO]: Wrote 567 byte class file net.minecraft.client.gui.screen.CreateWorldScreen$DatapackException to C:\Users\hdlhdh\AppData\Local\Temp\classDump6380543733692286588\net.minecraft.client.gui.screen.CreateWorldScreen$DatapackException.class
[07:29:16] [Render thread/INFO]: Wrote 25794 byte class file net.minecraft.client.gui.screen.WorldOptionsScreen to C:\Users\hdlhdh\AppData\Local\Temp\classDump6380543733692286588\net.minecraft.client.gui.screen.WorldOptionsScreen.class
[07:29:16] [Render thread/INFO]: Wrote 461 byte class file net.minecraft.client.gui.screen.BiomeGeneratorTypeScreens$IFactory to C:\Users\hdlhdh\AppData\Local\Temp\classDump6380543733692286588\net.minecraft.client.gui.screen.BiomeGeneratorTypeScreens$IFactory.class
[07:29:16] [Render thread/INFO]: Wrote 10227 byte class file net.minecraft.world.gen.layer.LayerUtil to C:\Users\hdlhdh\AppData\Local\Temp\classDump6380543733692286588\net.minecraft.world.gen.layer.LayerUtil.class
[07:29:16] [Render thread/INFO]: Wrote 2180 byte class file net.minecraft.client.gui.screen.CreateWorldScreen$GameMode to C:\Users\hdlhdh\AppData\Local\Temp\classDump6380543733692286588\net.minecraft.client.gui.screen.CreateWorldScreen$GameMode.class
[07:29:34] [Render thread/INFO]: Wrote 1249 byte class file net.minecraft.client.Minecraft$WorldSelectionType to C:\Users\hdlhdh\AppData\Local\Temp\classDump6380543733692286588\net.minecraft.client.Minecraft$WorldSelectionType.class
[07:29:34] [Render thread/INFO]: Wrote 1365 byte class file net.minecraft.world.storage.FolderName to C:\Users\hdlhdh\AppData\Local\Temp\classDump6380543733692286588\net.minecraft.world.storage.FolderName.class
[07:29:34] [Render thread/INFO]: Wrote 1084 byte class file net.minecraftforge.fml.event.server.FMLServerStartedEvent to C:\Users\hdlhdh\AppData\Local\Temp\classDump6380543733692286588\net.minecraftforge.fml.event.server.FMLServerStartedEvent.class
[07:29:34] [Render thread/INFO]: Wrote 1084 byte class file net.minecraftforge.fml.event.server.FMLServerStoppedEvent to C:\Users\hdlhdh\AppData\Local\Temp\classDump6380543733692286588\net.minecraftforge.fml.event.server.FMLServerStoppedEvent.class
[07:29:34] [Render thread/INFO]: Wrote 9547 byte class file net.minecraft.tags.NetworkTagManager to C:\Users\hdlhdh\AppData\Local\Temp\classDump6380543733692286588\net.minecraft.tags.NetworkTagManager.class
[07:29:34] [Render thread/INFO]: Wrote 9239 byte class file net.minecraft.loot.LootPool to C:\Users\hdlhdh\AppData\Local\Temp\classDump6380543733692286588\net.minecraft.loot.LootPool.class
[07:29:34] [Render thread/INFO]: Wrote 1981 byte class file net.minecraftforge.event.CommandEvent to C:\Users\hdlhdh\AppData\Local\Temp\classDump6380543733692286588\net.minecraftforge.event.CommandEvent.class
[07:29:34] [Render thread/WARN]: Ambiguity between arguments [teleport, destination] and [teleport, targets] with inputs: [Player, 0123, @e, dd12be42-52a9-4a91-a8a1-11c01849e498]
[07:29:34] [Render thread/WARN]: Ambiguity between arguments [teleport, location] and [teleport, destination] with inputs: [0.1 -0.5 .9, 0 0 0]
[07:29:34] [Render thread/WARN]: Ambiguity between arguments [teleport, location] and [teleport, targets] with inputs: [0.1 -0.5 .9, 0 0 0]
[07:29:34] [Render thread/WARN]: Ambiguity between arguments [teleport, targets] and [teleport, destination] with inputs: [Player, 0123, dd12be42-52a9-4a91-a8a1-11c01849e498]
[07:29:34] [Render thread/WARN]: Ambiguity between arguments [teleport, targets, location] and [teleport, targets, destination] with inputs: [0.1 -0.5 .9, 0 0 0]
[07:29:34] [Render thread/INFO]: Reloading ResourceManager: Default, forge-1.16.5-36.2.42-universal.jar, aevmod-1.0.2.jar
[07:29:35] [Render thread/INFO]: Wrote 3454 byte class file net.minecraft.item.crafting.Ingredient$TagList to C:\Users\hdlhdh\AppData\Local\Temp\classDump6380543733692286588\net.minecraft.item.crafting.Ingredient$TagList.class
[07:29:35] [Render thread/INFO]: Loaded 7 recipes
[07:29:36] [Render thread/INFO]: Wrote 9841 byte class file net.minecraft.advancements.CriteriaTriggers to C:\Users\hdlhdh\AppData\Local\Temp\classDump6380543733692286588\net.minecraft.advancements.CriteriaTriggers.class
[07:29:36] [Render thread/INFO]: Loaded 927 advancements
[07:29:36] [Render thread/INFO]: Wrote 1905 byte class file net.minecraft.client.Minecraft$PackManager to C:\Users\hdlhdh\AppData\Local\Temp\classDump6380543733692286588\net.minecraft.client.Minecraft$PackManager.class
[07:29:36] [Render thread/INFO]: Wrote 12393 byte class file net.minecraft.client.renderer.tileentity.TileEntityRendererDispatcher to C:\Users\hdlhdh\AppData\Local\Temp\classDump6380543733692286588\net.minecraft.client.renderer.tileentity.TileEntityRendererDispatcher.class
[07:29:36] [Render thread/INFO]: Wrote 8081 byte class file net.minecraft.client.renderer.tileentity.SignTileEntityRenderer to C:\Users\hdlhdh\AppData\Local\Temp\classDump6380543733692286588\net.minecraft.client.renderer.tileentity.SignTileEntityRenderer.class
[07:29:36] [Render thread/INFO]: Wrote 5612 byte class file net.minecraft.client.renderer.tileentity.PistonTileEntityRenderer to C:\Users\hdlhdh\AppData\Local\Temp\classDump6380543733692286588\net.minecraft.client.renderer.tileentity.PistonTileEntityRenderer.class
[07:29:36] [Render thread/INFO]: Wrote 9352 byte class file net.minecraft.client.renderer.tileentity.ChestTileEntityRenderer to C:\Users\hdlhdh\AppData\Local\Temp\classDump6380543733692286588\net.minecraft.client.renderer.tileentity.ChestTileEntityRenderer.class
[07:29:36] [Render thread/INFO]: Wrote 2131 byte class file net.minecraft.client.renderer.tileentity.SignTileEntityRenderer$SignModel to C:\Users\hdlhdh\AppData\Local\Temp\classDump6380543733692286588\net.minecraft.client.renderer.tileentity.SignTileEntityRenderer$SignModel.class
[07:29:37] [Render thread/INFO]: Environment: authHost='http://localhost:50015/authserver', accountsHost='http://127.0.0.1:50042/https/api.mojang.com', sessionHost='http://127.0.0.1:50042/https/sessionserver.mojang.com', servicesHost='http://127.0.0.1:50042/https/api.minecraftservices.com', name='PROD'
[07:29:37] [Render thread/INFO]: Wrote 14139 byte class file net.minecraft.server.integrated.IntegratedServer to C:\Users\hdlhdh\AppData\Local\Temp\classDump6380543733692286588\net.minecraft.server.integrated.IntegratedServer.class
[07:29:37] [Render thread/INFO]: Wrote 1600 byte class file net.minecraftforge.event.OnDatapackSyncEvent to C:\Users\hdlhdh\AppData\Local\Temp\classDump6380543733692286588\net.minecraftforge.event.OnDatapackSyncEvent.class
[07:29:37] [Server thread/INFO]: Starting integrated minecraft server version 1.16.5
[07:29:37] [Server thread/INFO]: Generating keypair
[07:29:37] [Server thread/WARN]: Configuration file F:\ModTest\versions\1.16.5-Forge\saves\新的世界\serverconfig\forge-server.toml is not correct. Correcting
[07:29:37] [Server thread/WARN]: Incorrect key server was corrected from null to its default, SimpleCommentedConfig:{}. 
[07:29:37] [Server thread/WARN]: Incorrect key server.removeErroringEntities was corrected from null to its default, false. 
[07:29:37] [Server thread/WARN]: Incorrect key server.removeErroringTileEntities was corrected from null to its default, false. 
[07:29:37] [Server thread/WARN]: Incorrect key server.fullBoundingBoxLadders was corrected from null to its default, false. 
[07:29:37] [Server thread/WARN]: Incorrect key server.zombieBaseSummonChance was corrected from null to its default, 0.1. 
[07:29:37] [Server thread/WARN]: Incorrect key server.zombieBabyChance was corrected from null to its default, 0.05. 
[07:29:37] [Server thread/WARN]: Incorrect key server.logCascadingWorldGeneration was corrected from null to its default, true. 
[07:29:37] [Server thread/WARN]: Incorrect key server.fixVanillaCascading was corrected from null to its default, false. 
[07:29:37] [Server thread/WARN]: Incorrect key server.dimensionUnloadQueueDelay was corrected from null to its default, 0. 
[07:29:37] [Server thread/WARN]: Incorrect key server.treatEmptyTagsAsAir was corrected from null to its default, false. 
[07:29:37] [Server thread/WARN]: Incorrect key server.fixAdvancementLoading was corrected from null to its default, true. 
[07:29:37] [Server thread/INFO]: Wrote 2039 byte class file net.minecraftforge.event.village.VillageSiegeEvent to C:\Users\hdlhdh\AppData\Local\Temp\classDump6380543733692286588\net.minecraftforge.event.village.VillageSiegeEvent.class
[07:29:37] [Server thread/INFO]: Wrote 1772 byte class file net.minecraftforge.event.world.ChunkDataEvent to C:\Users\hdlhdh\AppData\Local\Temp\classDump6380543733692286588\net.minecraftforge.event.world.ChunkDataEvent.class
[07:29:37] [Server thread/INFO]: Wrote 1242 byte class file net.minecraftforge.event.world.ChunkDataEvent$Save to C:\Users\hdlhdh\AppData\Local\Temp\classDump6380543733692286588\net.minecraftforge.event.world.ChunkDataEvent$Save.class
[07:29:37] [Server thread/INFO]: Wrote 1065 byte class file net.minecraftforge.event.world.ChunkEvent$Load to C:\Users\hdlhdh\AppData\Local\Temp\classDump6380543733692286588\net.minecraftforge.event.world.ChunkEvent$Load.class
[07:29:37] [Server thread/INFO]: Wrote 12134 byte class file net.minecraft.world.Teleporter to C:\Users\hdlhdh\AppData\Local\Temp\classDump6380543733692286588\net.minecraft.world.Teleporter.class
[07:29:37] [Worker-Main-8/INFO]: Wrote 2036 byte class file net.minecraftforge.event.entity.EntityEvent$EnteringChunk to C:\Users\hdlhdh\AppData\Local\Temp\classDump6380543733692286588\net.minecraftforge.event.entity.EntityEvent$EnteringChunk.class
[07:29:38] [Server thread/INFO]: Wrote 5489 byte class file net.minecraftforge.event.world.StructureSpawnListGatherEvent to C:\Users\hdlhdh\AppData\Local\Temp\classDump6380543733692286588\net.minecraftforge.event.world.StructureSpawnListGatherEvent.class
[07:29:38] [Server thread/INFO]: Preparing start region for dimension minecraft:overworld
[07:29:38] [Render thread/INFO]: 准备生成区域中：0%
[07:29:39] [Render thread/INFO]: 准备生成区域中：0%
[07:29:39] [Render thread/INFO]: 准备生成区域中：1%
[07:29:39] [Render thread/INFO]: 准备生成区域中：3%
[07:29:41] [Render thread/INFO]: 准备生成区域中：12%
[07:29:41] [Render thread/INFO]: 准备生成区域中：12%
[07:29:41] [Render thread/INFO]: 准备生成区域中：12%
[07:29:41] [Render thread/INFO]: 准备生成区域中：12%
[07:29:42] [Render thread/INFO]: 准备生成区域中：63%
[07:29:43] [Render thread/INFO]: 准备生成区域中：66%
[07:29:43] [Render thread/INFO]: 准备生成区域中：66%
[07:29:43] [Render thread/INFO]: 准备生成区域中：66%
[07:29:43] [Server thread/INFO]: HELLO from server starting
[07:29:43] [Render thread/INFO]: Time elapsed: 5699 ms
[07:29:43] [Server thread/INFO]: Changing view distance to 11, from 10
[07:29:44] [Render thread/INFO]: Wrote 1600 byte class file net.minecraftforge.event.entity.player.PlayerContainerEvent to C:\Users\hdlhdh\AppData\Local\Temp\classDump6380543733692286588\net.minecraftforge.event.entity.player.PlayerContainerEvent.class
[07:29:44] [Render thread/INFO]: Wrote 1262 byte class file net.minecraftforge.event.entity.player.PlayerContainerEvent$Open to C:\Users\hdlhdh\AppData\Local\Temp\classDump6380543733692286588\net.minecraftforge.event.entity.player.PlayerContainerEvent$Open.class
[07:29:44] [Render thread/INFO]: Wrote 11421 byte class file net.minecraft.client.network.login.ClientLoginNetHandler to C:\Users\hdlhdh\AppData\Local\Temp\classDump6380543733692286588\net.minecraft.client.network.login.ClientLoginNetHandler.class
[07:29:44] [Netty Server IO #1/INFO]: Wrote 1907 byte class file net.minecraft.client.network.handshake.ClientHandshakeNetHandler to C:\Users\hdlhdh\AppData\Local\Temp\classDump6380543733692286588\net.minecraft.client.network.handshake.ClientHandshakeNetHandler.class
[07:29:44] [Netty Local Client IO #0/INFO]: Wrote 3492 byte class file net.minecraft.network.play.client.CClientSettingsPacket to C:\Users\hdlhdh\AppData\Local\Temp\classDump6380543733692286588\net.minecraft.network.play.client.CClientSettingsPacket.class
[07:29:44] [Netty Local Client IO #0/INFO]: Wrote 3598 byte class file net.minecraft.network.status.server.SServerInfoPacket to C:\Users\hdlhdh\AppData\Local\Temp\classDump6380543733692286588\net.minecraft.network.status.server.SServerInfoPacket.class
[07:29:44] [Render thread/INFO]: Resource reload finished after 10036 ms
[07:29:44] [Render thread/INFO]: NetworkTagManager took approximately 400 ms (389 ms preparing, 11 ms applying)
[07:29:44] [Render thread/INFO]: LootPredicateManager took approximately 29 ms (2 ms preparing, 27 ms applying)
[07:29:44] [Render thread/INFO]: RecipeManager took approximately 624 ms (595 ms preparing, 29 ms applying)
[07:29:44] [Render thread/INFO]: LootTableManager took approximately 1192 ms (656 ms preparing, 536 ms applying)
[07:29:44] [Render thread/INFO]: FunctionReloader took approximately 8 ms (8 ms preparing, 0 ms applying)
[07:29:44] [Render thread/INFO]: AdvancementManager took approximately 948 ms (658 ms preparing, 290 ms applying)
[07:29:44] [Render thread/INFO]: WrappedStateAwareListener took approximately 1 ms (1 ms preparing, 0 ms applying)
[07:29:44] [Render thread/INFO]: Total blocking time: 893 ms
[07:29:44] [Netty Local Client IO #0/INFO]: Wrote 2016 byte class file net.minecraftforge.fml.network.NetworkEvent$ChannelRegistrationChangeEvent to C:\Users\hdlhdh\AppData\Local\Temp\classDump6380543733692286588\net.minecraftforge.fml.network.NetworkEvent$ChannelRegistrationChangeEvent.class
[07:29:44] [Netty Local Client IO #0/INFO]: Connected to a modded server.
[07:29:44] [Server thread/INFO]: Wrote 1265 byte class file net.minecraftforge.event.entity.player.PlayerContainerEvent$Close to C:\Users\hdlhdh\AppData\Local\Temp\classDump6380543733692286588\net.minecraftforge.event.entity.player.PlayerContainerEvent$Close.class
[07:29:44] [Netty Local Client IO #0/INFO]: Wrote 127041 byte class file net.minecraft.client.network.play.ClientPlayNetHandler to C:\Users\hdlhdh\AppData\Local\Temp\classDump6380543733692286588\net.minecraft.client.network.play.ClientPlayNetHandler.class
[07:29:45] [Netty Local Client IO #0/INFO]: Wrote 4417 byte class file net.minecraft.client.entity.player.RemoteClientPlayerEntity to C:\Users\hdlhdh\AppData\Local\Temp\classDump6380543733692286588\net.minecraft.client.entity.player.RemoteClientPlayerEntity.class
[07:29:45] [Server thread/INFO]: Using new advancement loading for net.minecraft.advancements.PlayerAdvancements@340dc7c0
[07:29:45] [Server thread/INFO]: 165[local:E:2682ad43] logged in with entity id 1 at (-68.5, 4.0, 60.5)
[07:29:45] [Server thread/INFO]: 165加入了游戏
[07:29:45] [Render thread/INFO]: Wrote 26231 byte class file net.minecraft.client.multiplayer.PlayerController to C:\Users\hdlhdh\AppData\Local\Temp\classDump6380543733692286588\net.minecraft.client.multiplayer.PlayerController.class
[07:29:45] [Render thread/INFO]: Wrote 4188 byte class file net.minecraft.client.world.ClientWorld$ClientWorldInfo to C:\Users\hdlhdh\AppData\Local\Temp\classDump6380543733692286588\net.minecraft.client.world.ClientWorld$ClientWorldInfo.class
[07:29:45] [Render thread/INFO]: Wrote 10200 byte class file net.minecraft.client.multiplayer.ClientChunkProvider to C:\Users\hdlhdh\AppData\Local\Temp\classDump6380543733692286588\net.minecraft.client.multiplayer.ClientChunkProvider.class
[07:29:45] [Render thread/INFO]: Wrote 4475 byte class file net.minecraft.client.multiplayer.ClientChunkProvider$ChunkArray to C:\Users\hdlhdh\AppData\Local\Temp\classDump6380543733692286588\net.minecraft.client.multiplayer.ClientChunkProvider$ChunkArray.class
[07:29:45] [Render thread/INFO]: Wrote 6182 byte class file net.minecraft.client.world.DimensionRenderInfo to C:\Users\hdlhdh\AppData\Local\Temp\classDump6380543733692286588\net.minecraft.client.world.DimensionRenderInfo.class
[07:29:45] [Render thread/INFO]: Wrote 1229 byte class file net.minecraft.client.world.DimensionRenderInfo$Overworld to C:\Users\hdlhdh\AppData\Local\Temp\classDump6380543733692286588\net.minecraft.client.world.DimensionRenderInfo$Overworld.class
[07:29:45] [Render thread/INFO]: Wrote 1291 byte class file net.minecraft.client.world.DimensionRenderInfo$FogType to C:\Users\hdlhdh\AppData\Local\Temp\classDump6380543733692286588\net.minecraft.client.world.DimensionRenderInfo$FogType.class
[07:29:45] [Render thread/INFO]: Wrote 1051 byte class file net.minecraft.client.world.DimensionRenderInfo$Nether to C:\Users\hdlhdh\AppData\Local\Temp\classDump6380543733692286588\net.minecraft.client.world.DimensionRenderInfo$Nether.class
[07:29:45] [Render thread/INFO]: Wrote 1376 byte class file net.minecraft.client.world.DimensionRenderInfo$End to C:\Users\hdlhdh\AppData\Local\Temp\classDump6380543733692286588\net.minecraft.client.world.DimensionRenderInfo$End.class
[07:29:45] [Render thread/INFO]: Wrote 14279 byte class file net.minecraft.client.renderer.chunk.ChunkRenderDispatcher to C:\Users\hdlhdh\AppData\Local\Temp\classDump6380543733692286588\net.minecraft.client.renderer.chunk.ChunkRenderDispatcher.class
[07:29:45] [Render thread/INFO]: Wrote 13935 byte class file net.minecraft.client.renderer.chunk.ChunkRenderDispatcher$ChunkRender to C:\Users\hdlhdh\AppData\Local\Temp\classDump6380543733692286588\net.minecraft.client.renderer.chunk.ChunkRenderDispatcher$ChunkRender.class
[07:29:45] [Render thread/INFO]: Wrote 3583 byte class file net.minecraft.client.renderer.chunk.ChunkRenderDispatcher$ChunkRender$ChunkRenderTask to C:\Users\hdlhdh\AppData\Local\Temp\classDump6380543733692286588\net.minecraft.client.renderer.chunk.ChunkRenderDispatcher$ChunkRender$ChunkRenderTask.class
[07:29:45] [Render thread/INFO]: Wrote 8165 byte class file net.minecraft.client.renderer.chunk.ChunkRenderDispatcher$ChunkRender$SortTransparencyTask to C:\Users\hdlhdh\AppData\Local\Temp\classDump6380543733692286588\net.minecraft.client.renderer.chunk.ChunkRenderDispatcher$ChunkRender$SortTransparencyTask.class
[07:29:45] [Render thread/INFO]: Wrote 16653 byte class file net.minecraft.client.renderer.chunk.ChunkRenderDispatcher$ChunkRender$RebuildTask to C:\Users\hdlhdh\AppData\Local\Temp\classDump6380543733692286588\net.minecraft.client.renderer.chunk.ChunkRenderDispatcher$ChunkRender$RebuildTask.class
[07:29:45] [Render thread/INFO]: Wrote 3810 byte class file net.minecraft.client.renderer.chunk.ChunkRenderDispatcher$CompiledChunk to C:\Users\hdlhdh\AppData\Local\Temp\classDump6380543733692286588\net.minecraft.client.renderer.chunk.ChunkRenderDispatcher$CompiledChunk.class
[07:29:45] [Server thread/INFO]: Saving and pausing game...
[07:29:45] [Render thread/INFO]: Wrote 7566 byte class file net.minecraft.client.network.play.NetworkPlayerInfo to C:\Users\hdlhdh\AppData\Local\Temp\classDump6380543733692286588\net.minecraft.client.network.play.NetworkPlayerInfo.class
[07:29:45] [Server thread/INFO]: Saving chunks for level 'ServerLevel[新的世界]'/minecraft:overworld
[07:29:45] [Server thread/INFO]: Wrote 1600 byte class file net.minecraftforge.event.world.ChunkDataEvent$Load to C:\Users\hdlhdh\AppData\Local\Temp\classDump6380543733692286588\net.minecraftforge.event.world.ChunkDataEvent$Load.class
[07:29:45] [Server thread/INFO]: Saving chunks for level 'ServerLevel[新的世界]'/minecraft:the_nether
[07:29:45] [Server thread/INFO]: Saving chunks for level 'ServerLevel[新的世界]'/minecraft:the_end
[07:29:45] [Render thread/INFO]: Loaded 0 advancements
[07:29:46] [Render thread/INFO]: Wrote 1206 byte class file net.minecraft.client.renderer.FogRenderer$FogType to C:\Users\hdlhdh\AppData\Local\Temp\classDump6380543733692286588\net.minecraft.client.renderer.FogRenderer$FogType.class
[07:29:46] [Render thread/INFO]: Wrote 2971 byte class file net.minecraft.client.renderer.WorldRenderer$LocalRenderInformationContainer to C:\Users\hdlhdh\AppData\Local\Temp\classDump6380543733692286588\net.minecraft.client.renderer.WorldRenderer$LocalRenderInformationContainer.class
[07:29:46] [Render thread/INFO]: Wrote 9158 byte class file net.minecraft.client.renderer.BlockModelRenderer$AmbientOcclusionFace to C:\Users\hdlhdh\AppData\Local\Temp\classDump6380543733692286588\net.minecraft.client.renderer.BlockModelRenderer$AmbientOcclusionFace.class
[07:29:46] [Render thread/INFO]: Wrote 6556 byte class file net.minecraft.client.renderer.BlockModelRenderer$NeighborInfo to C:\Users\hdlhdh\AppData\Local\Temp\classDump6380543733692286588\net.minecraft.client.renderer.BlockModelRenderer$NeighborInfo.class
[07:29:46] [Render thread/INFO]: Wrote 2543 byte class file net.minecraft.client.renderer.BlockModelRenderer$Orientation to C:\Users\hdlhdh\AppData\Local\Temp\classDump6380543733692286588\net.minecraft.client.renderer.BlockModelRenderer$Orientation.class
[07:29:46] [Render thread/INFO]: Wrote 3564 byte class file net.minecraft.client.renderer.BlockModelRenderer$VertexTranslations to C:\Users\hdlhdh\AppData\Local\Temp\classDump6380543733692286588\net.minecraft.client.renderer.BlockModelRenderer$VertexTranslations.class
[07:29:46] [Render thread/INFO]: Wrote 1385 byte class file net.minecraft.client.renderer.chunk.ChunkRenderDispatcher$ChunkTaskResult to C:\Users\hdlhdh\AppData\Local\Temp\classDump6380543733692286588\net.minecraft.client.renderer.chunk.ChunkRenderDispatcher$ChunkTaskResult.class
[07:29:46] [Render thread/INFO]: Wrote 10769 byte class file net.minecraft.client.renderer.OverlayRenderer to C:\Users\hdlhdh\AppData\Local\Temp\classDump6380543733692286588\net.minecraft.client.renderer.OverlayRenderer.class
[07:29:50] [Render thread/INFO]: Wrote 1266 byte class file net.minecraftforge.client.event.GuiScreenEvent$PotionShiftEvent to C:\Users\hdlhdh\AppData\Local\Temp\classDump6380543733692286588\net.minecraftforge.client.event.GuiScreenEvent$PotionShiftEvent.class
[07:29:50] [Render thread/INFO]: Wrote 36411 byte class file net.minecraft.client.gui.screen.inventory.CreativeScreen to C:\Users\hdlhdh\AppData\Local\Temp\classDump6380543733692286588\net.minecraft.client.gui.screen.inventory.CreativeScreen.class
[07:29:50] [Render thread/INFO]: Wrote 3724 byte class file net.minecraft.client.gui.screen.inventory.CreativeScreen$CreativeContainer to C:\Users\hdlhdh\AppData\Local\Temp\classDump6380543733692286588\net.minecraft.client.gui.screen.inventory.CreativeScreen$CreativeContainer.class
[07:29:50] [Render thread/INFO]: Wrote 1199 byte class file net.minecraft.client.gui.screen.inventory.CreativeScreen$LockedSlot to C:\Users\hdlhdh\AppData\Local\Temp\classDump6380543733692286588\net.minecraft.client.gui.screen.inventory.CreativeScreen$LockedSlot.class
[07:29:50] [Render thread/INFO]: Wrote 8427 byte class file net.minecraft.util.ScreenShotHelper to C:\Users\hdlhdh\AppData\Local\Temp\classDump6380543733692286588\net.minecraft.util.ScreenShotHelper.class
[07:29:50] [IO-Worker-11/INFO]: Wrote 1728 byte class file net.minecraft.client.renderer.texture.NativeImage$WriteCallback to C:\Users\hdlhdh\AppData\Local\Temp\classDump6380543733692286588\net.minecraft.client.renderer.texture.NativeImage$WriteCallback.class
[07:30:12] [Server thread/INFO]: Saving and pausing game...
[07:30:13] [Server thread/INFO]: Saving chunks for level 'ServerLevel[新的世界]'/minecraft:overworld
[07:30:13] [Server thread/INFO]: Saving chunks for level 'ServerLevel[新的世界]'/minecraft:the_nether
[07:30:13] [Server thread/INFO]: Saving chunks for level 'ServerLevel[新的世界]'/minecraft:the_end
